DateTime	Unit	Value	NumberDate
2025-05-20T10:20:00Z	C	24.594	1747736400
2025-05-20T10:30:00Z	C	24.594	1747737000
2025-05-20T10:40:00Z	C	25.594	1747737600
2025-05-20T10:50:00Z	C	25.594	1747738200
2025-05-20T11:00:00Z	C	26.593	1747738800
2025-05-20T11:10:00Z	C	26.593	1747739400
2025-05-20T11:20:00Z	C	26.593	1747740000
2025-05-20T11:30:00Z	C	26.094	1747740600
2025-05-20T11:40:00Z	C	26.593	1747741200
2025-05-20T11:50:00Z	C	27.093	1747741800
2025-05-20T12:00:00Z	C	26.094	1747742400
2025-05-20T12:10:00Z	C	25.594	1747743000
2025-05-20T12:20:00Z	C	25.594	1747743600
2025-05-20T12:30:00Z	C	26.094	1747744200
2025-05-20T12:40:00Z	C	26.593	1747744800
2025-05-20T12:50:00Z	C	26.593	1747745400
2025-05-20T13:00:00Z	C	27.093	1747746000
2025-05-20T13:10:00Z	C	27.593	1747746600
2025-05-20T13:20:00Z	C	27.093	1747747200
2025-05-20T13:30:00Z	C	26.593	1747747800
2025-05-20T13:40:00Z	C	26.593	1747748400
2025-05-20T13:50:00Z	C	26.593	1747749000
2025-05-20T14:00:00Z	C	27.093	1747749600
2025-05-20T14:10:00Z	C	27.593	1747750200
2025-05-20T14:20:00Z	C	28.592	1747750800
2025-05-20T14:30:00Z	C	28.092	1747751400
2025-05-20T14:40:00Z	C	28.092	1747752000
2025-05-20T14:50:00Z	C	27.593	1747752600
2025-05-20T15:00:00Z	C	27.593	1747753200
2025-05-20T15:10:00Z	C	26.593	1747753800
2025-05-20T15:20:00Z	C	26.593	1747754400
2025-05-20T15:30:00Z	C	27.093	1747755000
2025-05-20T15:40:00Z	C	27.093	1747755600
2025-05-20T15:50:00Z	C	27.593	1747756200
2025-05-20T16:00:00Z	C	27.593	1747756800
2025-05-20T16:10:00Z	C	27.093	1747757400
2025-05-20T16:20:00Z	C	26.094	1747758000
2025-05-20T16:30:00Z	C	26.593	1747758600
2025-05-20T16:40:00Z	C	26.094	1747759200
2025-05-20T16:50:00Z	C	26.094	1747759800
2025-05-20T17:00:00Z	C	25.594	1747760400
2025-05-20T17:10:00Z	C	25.594	1747761000
2025-05-20T17:20:00Z	C	24.594	1747761600
2025-05-20T17:30:00Z	C	24.094	1747762200
2025-05-20T17:40:00Z	C	24.094	1747762800
2025-05-20T17:50:00Z	C	24.094	1747763400
2025-05-20T18:00:00Z	C	24.094	1747764000
2025-05-20T18:10:00Z	C	24.094	1747764600
2025-05-20T18:20:00Z	C	24.594	1747765200
2025-05-20T18:30:00Z	C	24.094	1747765800
2025-05-20T18:40:00Z	C	24.094	1747766400
2025-05-20T18:50:00Z	C	23.594	1747767000
2025-05-20T19:00:00Z	C	23.594	1747767600
2025-05-20T19:10:00Z	C	22.593	1747768200
2025-05-20T19:20:00Z	C	21.592	1747768800
2025-05-20T19:30:00Z	C	21.592	1747769400
2025-05-20T19:40:00Z	C	21.592	1747770000
2025-05-20T19:50:00Z	C	21.092	1747770600
2025-05-20T20:00:00Z	C	20.591	1747771200
2025-05-20T20:10:00Z	C	20.591	1747771800
2025-05-20T20:20:00Z	C	20.591	1747772400
2025-05-20T20:30:00Z	C	20.091	1747773000
2025-05-20T20:40:00Z	C	20.591	1747773600
2025-05-20T20:50:00Z	C	20.591	1747774200
2025-05-20T21:00:00Z	C	20.591	1747774800
2025-05-20T21:10:00Z	C	20.591	1747775400
2025-05-20T21:20:00Z	C	20.591	1747776000
2025-05-20T21:30:00Z	C	20.591	1747776600
2025-05-20T21:40:00Z	C	21.092	1747777200
2025-05-20T21:50:00Z	C	20.591	1747777800
2025-05-20T22:00:00Z	C	20.591	1747778400
2025-05-20T22:10:00Z	C	20.591	1747779000
2025-05-20T22:20:00Z	C	20.591	1747779600
2025-05-20T22:30:00Z	C	20.591	1747780200
2025-05-20T22:40:00Z	C	20.591	1747780800
2025-05-20T22:50:00Z	C	20.591	1747781400
2025-05-20T23:00:00Z	C	20.591	1747782000
2025-05-20T23:10:00Z	C	20.591	1747782600
2025-05-20T23:20:00Z	C	20.591	1747783200
2025-05-20T23:30:00Z	C	20.591	1747783800
2025-05-20T23:40:00Z	C	20.591	1747784400
2025-05-20T23:50:00Z	C	20.591	1747785000
2025-05-21T00:00:00Z	C	20.591	1747785600
2025-05-21T00:10:00Z	C	20.591	1747786200
2025-05-21T00:20:00Z	C	20.091	1747786800
2025-05-21T00:30:00Z	C	20.091	1747787400
2025-05-21T00:40:00Z	C	19.59	1747788000
2025-05-21T00:50:00Z	C	19.59	1747788600
2025-05-21T01:00:00Z	C	19.59	1747789200
2025-05-21T01:10:00Z	C	19.59	1747789800
2025-05-21T01:20:00Z	C	19.59	1747790400
2025-05-21T01:30:00Z	C	19.59	1747791000
2025-05-21T01:40:00Z	C	19.59	1747791600
2025-05-21T01:50:00Z	C	19.59	1747792200
2025-05-21T02:00:00Z	C	19.59	1747792800
2025-05-21T02:10:00Z	C	19.59	1747793400
2025-05-21T02:20:00Z	C	19.59	1747794000
2025-05-21T02:30:00Z	C	19.59	1747794600
2025-05-21T02:40:00Z	C	19.59	1747795200
2025-05-21T02:50:00Z	C	20.091	1747795800
2025-05-21T03:00:00Z	C	20.091	1747796400
2025-05-21T03:10:00Z	C	20.091	1747797000
2025-05-21T03:20:00Z	C	20.091	1747797600
2025-05-21T03:30:00Z	C	20.091	1747798200
2025-05-21T03:40:00Z	C	20.091	1747798800
2025-05-21T03:50:00Z	C	20.591	1747799400
2025-05-21T04:00:00Z	C	20.591	1747800000
2025-05-21T04:10:00Z	C	20.591	1747800600
2025-05-21T04:20:00Z	C	20.091	1747801200
2025-05-21T04:30:00Z	C	20.591	1747801800
2025-05-21T04:40:00Z	C	20.591	1747802400
2025-05-21T04:50:00Z	C	20.091	1747803000
2025-05-21T05:00:00Z	C	20.091	1747803600
2025-05-21T05:10:00Z	C	20.091	1747804200
2025-05-21T05:20:00Z	C	20.091	1747804800
2025-05-21T05:30:00Z	C	20.091	1747805400
2025-05-21T05:40:00Z	C	20.091	1747806000
2025-05-21T05:50:00Z	C	20.091	1747806600
2025-05-21T06:00:00Z	C	20.091	1747807200
2025-05-21T06:10:00Z	C	19.59	1747807800
2025-05-21T06:20:00Z	C	19.59	1747808400
2025-05-21T06:30:00Z	C	19.59	1747809000
2025-05-21T06:40:00Z	C	19.59	1747809600
2025-05-21T06:50:00Z	C	19.59	1747810200
2025-05-21T07:00:00Z	C	20.091	1747810800
2025-05-21T07:10:00Z	C	20.091	1747811400
2025-05-21T07:20:00Z	C	20.591	1747812000
2025-05-21T07:30:00Z	C	22.593	1747812600
2025-05-21T07:40:00Z	C	24.594	1747813200
2025-05-21T07:50:00Z	C	25.594	1747813800
2025-05-21T08:00:00Z	C	27.593	1747814400
2025-05-21T08:10:00Z	C	27.093	1747815000
2025-05-21T08:20:00Z	C	25.094	1747815600
2025-05-21T08:30:00Z	C	25.594	1747816200
2025-05-21T08:40:00Z	C	25.094	1747816800
2025-05-21T08:50:00Z	C	24.594	1747817400
2025-05-21T09:00:00Z	C	24.594	1747818000
2025-05-21T09:10:00Z	C	26.094	1747818600
2025-05-21T09:20:00Z	C	25.094	1747819200
2025-05-21T09:30:00Z	C	23.594	1747819800
2025-05-21T09:40:00Z	C	24.094	1747820400
2025-05-21T09:50:00Z	C	24.594	1747821000
2025-05-21T10:00:00Z	C	24.594	1747821600
2025-05-21T10:10:00Z	C	25.094	1747822200
2025-05-21T10:20:00Z	C	25.094	1747822800
2025-05-21T10:30:00Z	C	26.094	1747823400
2025-05-21T10:40:00Z	C	26.094	1747824000
2025-05-21T10:50:00Z	C	26.094	1747824600
2025-05-21T11:00:00Z	C	25.594	1747825200
2025-05-21T11:10:00Z	C	25.594	1747825800
2025-05-21T11:20:00Z	C	25.594	1747826400
2025-05-21T11:30:00Z	C	25.594	1747827000
2025-05-21T11:40:00Z	C	25.594	1747827600
2025-05-21T11:50:00Z	C	25.094	1747828200
2025-05-21T12:00:00Z	C	25.594	1747828800
2025-05-21T12:10:00Z	C	25.594	1747829400
2025-05-21T12:20:00Z	C	26.094	1747830000
2025-05-21T12:30:00Z	C	26.094	1747830600
2025-05-21T12:40:00Z	C	26.094	1747831200
2025-05-21T12:50:00Z	C	26.094	1747831800
2025-05-21T13:00:00Z	C	26.593	1747832400
2025-05-21T13:10:00Z	C	26.593	1747833000
2025-05-21T13:20:00Z	C	27.093	1747833600
2025-05-21T13:30:00Z	C	27.093	1747834200
2025-05-21T13:40:00Z	C	27.093	1747834800
2025-05-21T13:50:00Z	C	27.093	1747835400
2025-05-21T14:00:00Z	C	27.093	1747836000
2025-05-21T14:10:00Z	C	27.593	1747836600
2025-05-21T14:20:00Z	C	27.593	1747837200
2025-05-21T14:30:00Z	C	27.093	1747837800
2025-05-21T14:40:00Z	C	27.093	1747838400
2025-05-21T14:50:00Z	C	27.593	1747839000
2025-05-21T15:00:00Z	C	27.593	1747839600
2025-05-21T15:10:00Z	C	27.593	1747840200
2025-05-21T15:20:00Z	C	27.593	1747840800
2025-05-21T15:30:00Z	C	27.593	1747841400
2025-05-21T15:40:00Z	C	27.593	1747842000
2025-05-21T15:50:00Z	C	27.593	1747842600
2025-05-21T16:00:00Z	C	28.092	1747843200
2025-05-21T16:10:00Z	C	28.092	1747843800
2025-05-21T16:20:00Z	C	28.092	1747844400
2025-05-21T16:30:00Z	C	28.092	1747845000
2025-05-21T16:40:00Z	C	28.092	1747845600
2025-05-21T16:50:00Z	C	28.092	1747846200
2025-05-21T17:00:00Z	C	28.092	1747846800
2025-05-21T17:10:00Z	C	27.593	1747847400
2025-05-21T17:20:00Z	C	27.593	1747848000
2025-05-21T17:30:00Z	C	27.593	1747848600
2025-05-21T17:40:00Z	C	27.093	1747849200
2025-05-21T17:50:00Z	C	26.593	1747849800
2025-05-21T18:00:00Z	C	26.593	1747850400
2025-05-21T18:10:00Z	C	26.094	1747851000
2025-05-21T18:20:00Z	C	25.594	1747851600
2025-05-21T18:30:00Z	C	25.594	1747852200
2025-05-21T18:40:00Z	C	25.594	1747852800
2025-05-21T18:50:00Z	C	25.094	1747853400
2025-05-21T19:00:00Z	C	25.094	1747854000
2025-05-21T19:10:00Z	C	25.094	1747854600
2025-05-21T19:20:00Z	C	24.594	1747855200
2025-05-21T19:30:00Z	C	24.594	1747855800
2025-05-21T19:40:00Z	C	24.594	1747856400
2025-05-21T19:50:00Z	C	24.594	1747857000
2025-05-21T20:00:00Z	C	24.094	1747857600
2025-05-21T20:10:00Z	C	24.094	1747858200
2025-05-21T20:20:00Z	C	23.594	1747858800
2025-05-21T20:30:00Z	C	23.594	1747859400
2025-05-21T20:40:00Z	C	23.594	1747860000
2025-05-21T20:50:00Z	C	23.594	1747860600
2025-05-21T21:00:00Z	C	23.594	1747861200
2025-05-21T21:10:00Z	C	23.093	1747861800
2025-05-21T21:20:00Z	C	23.093	1747862400
2025-05-21T21:30:00Z	C	23.093	1747863000
2025-05-21T21:40:00Z	C	23.093	1747863600
2025-05-21T21:50:00Z	C	23.093	1747864200
2025-05-21T22:00:00Z	C	23.093	1747864800
2025-05-21T22:10:00Z	C	23.093	1747865400
2025-05-21T22:20:00Z	C	22.593	1747866000
2025-05-21T22:30:00Z	C	22.593	1747866600
2025-05-21T22:40:00Z	C	22.593	1747867200
2025-05-21T22:50:00Z	C	22.593	1747867800
2025-05-21T23:00:00Z	C	22.593	1747868400
2025-05-21T23:10:00Z	C	22.093	1747869000
2025-05-21T23:20:00Z	C	22.093	1747869600
2025-05-21T23:30:00Z	C	22.093	1747870200
2025-05-21T23:40:00Z	C	22.093	1747870800
2025-05-21T23:50:00Z	C	22.093	1747871400
2025-05-22T00:00:00Z	C	22.093	1747872000
2025-05-22T00:10:00Z	C	22.093	1747872600
2025-05-22T00:20:00Z	C	21.592	1747873200
2025-05-22T00:30:00Z	C	22.093	1747873800
2025-05-22T00:40:00Z	C	22.093	1747874400
2025-05-22T00:50:00Z	C	22.093	1747875000
2025-05-22T01:00:00Z	C	21.592	1747875600
2025-05-22T01:10:00Z	C	22.093	1747876200
2025-05-22T01:20:00Z	C	22.093	1747876800
2025-05-22T01:30:00Z	C	22.093	1747877400
2025-05-22T01:40:00Z	C	22.093	1747878000
2025-05-22T01:50:00Z	C	22.093	1747878600
2025-05-22T02:00:00Z	C	22.093	1747879200
2025-05-22T02:10:00Z	C	22.093	1747879800
2025-05-22T02:20:00Z	C	22.093	1747880400
2025-05-22T02:30:00Z	C	22.093	1747881000
2025-05-22T02:40:00Z	C	21.592	1747881600
2025-05-22T02:50:00Z	C	21.592	1747882200
2025-05-22T03:00:00Z	C	21.592	1747882800
2025-05-22T03:10:00Z	C	21.592	1747883400
2025-05-22T03:20:00Z	C	21.592	1747884000
2025-05-22T03:30:00Z	C	21.592	1747884600
2025-05-22T03:40:00Z	C	21.592	1747885200
2025-05-22T03:50:00Z	C	21.592	1747885800
2025-05-22T04:00:00Z	C	21.592	1747886400
2025-05-22T04:10:00Z	C	21.592	1747887000
2025-05-22T04:20:00Z	C	21.592	1747887600
2025-05-22T04:30:00Z	C	21.592	1747888200
2025-05-22T04:40:00Z	C	21.592	1747888800
2025-05-22T04:50:00Z	C	21.592	1747889400
2025-05-22T05:00:00Z	C	21.592	1747890000
2025-05-22T05:10:00Z	C	21.592	1747890600
2025-05-22T05:20:00Z	C	21.092	1747891200
2025-05-22T05:30:00Z	C	21.092	1747891800
2025-05-22T05:40:00Z	C	21.092	1747892400
2025-05-22T05:50:00Z	C	21.092	1747893000
2025-05-22T06:00:00Z	C	21.092	1747893600
2025-05-22T06:10:00Z	C	21.092	1747894200
2025-05-22T06:20:00Z	C	21.092	1747894800
2025-05-22T06:30:00Z	C	21.092	1747895400
2025-05-22T06:40:00Z	C	21.592	1747896000
2025-05-22T06:50:00Z	C	21.092	1747896600
2025-05-22T07:00:00Z	C	21.092	1747897200
2025-05-22T07:10:00Z	C	21.092	1747897800
2025-05-22T07:20:00Z	C	21.092	1747898400
2025-05-22T07:30:00Z	C	21.092	1747899000
2025-05-22T07:40:00Z	C	21.592	1747899600
2025-05-22T07:50:00Z	C	21.092	1747900200
2025-05-22T08:00:00Z	C	21.092	1747900800
2025-05-22T08:10:00Z	C	21.092	1747901400
2025-05-22T08:20:00Z	C	21.592	1747902000
2025-05-22T08:30:00Z	C	21.592	1747902600
2025-05-22T08:40:00Z	C	22.093	1747903200
2025-05-22T08:50:00Z	C	23.093	1747903800
2025-05-22T09:00:00Z	C	23.594	1747904400
2025-05-22T09:10:00Z	C	24.594	1747905000
2025-05-22T09:20:00Z	C	25.094	1747905600
2025-05-22T09:30:00Z	C	24.594	1747906200
2025-05-22T09:40:00Z	C	24.594	1747906800
2025-05-22T09:50:00Z	C	24.594	1747907400
2025-05-22T10:00:00Z	C	24.594	1747908000
2025-05-22T10:10:00Z	C	25.594	1747908600
2025-05-22T10:20:00Z	C	26.094	1747909200
2025-05-22T10:30:00Z	C	25.594	1747909800
2025-05-22T10:40:00Z	C	26.094	1747910400
2025-05-22T10:50:00Z	C	26.593	1747911000
2025-05-22T11:00:00Z	C	26.593	1747911600
2025-05-22T11:10:00Z	C	27.093	1747912200
2025-05-22T11:20:00Z	C	27.093	1747912800
2025-05-22T11:30:00Z	C	27.093	1747913400
2025-05-22T11:40:00Z	C	27.593	1747914000
2025-05-22T11:50:00Z	C	28.092	1747914600
2025-05-22T12:00:00Z	C	28.092	1747915200
2025-05-22T12:10:00Z	C	27.093	1747915800
2025-05-22T12:20:00Z	C	27.093	1747916400
2025-05-22T12:30:00Z	C	26.593	1747917000
2025-05-22T12:40:00Z	C	23.093	1747917600
2025-05-22T12:50:00Z	C	20.091	1747918200
2025-05-22T13:00:00Z	C	19.59	1747918800
2025-05-22T13:10:00Z	C	19.59	1747919400
2025-05-22T13:20:00Z	C	19.59	1747920000
2025-05-22T13:30:00Z	C	20.091	1747920600
2025-05-22T13:40:00Z	C	20.591	1747921200
2025-05-22T13:50:00Z	C	21.092	1747921800
2025-05-22T14:00:00Z	C	21.092	1747922400
2025-05-22T14:10:00Z	C	21.592	1747923000
2025-05-22T14:20:00Z	C	21.592	1747923600
2025-05-22T14:30:00Z	C	22.093	1747924200
2025-05-22T14:40:00Z	C	23.093	1747924800
2025-05-22T14:50:00Z	C	24.094	1747925400
2025-05-22T15:00:00Z	C	24.594	1747926000
2025-05-22T15:10:00Z	C	24.594	1747926600
2025-05-22T15:20:00Z	C	24.594	1747927200
2025-05-22T15:30:00Z	C	24.594	1747927800
2025-05-22T15:40:00Z	C	24.594	1747928400
2025-05-22T15:50:00Z	C	25.094	1747929000
2025-05-22T16:00:00Z	C	25.094	1747929600
2025-05-22T16:10:00Z	C	25.094	1747930200
2025-05-22T16:20:00Z	C	25.094	1747930800
2025-05-22T16:30:00Z	C	25.094	1747931400
2025-05-22T16:40:00Z	C	25.094	1747932000
2025-05-22T16:50:00Z	C	24.594	1747932600
2025-05-22T17:00:00Z	C	24.594	1747933200
2025-05-22T17:10:00Z	C	24.094	1747933800
2025-05-22T17:20:00Z	C	24.094	1747934400
2025-05-22T17:30:00Z	C	24.094	1747935000
2025-05-22T17:40:00Z	C	24.094	1747935600
2025-05-22T17:50:00Z	C	24.094	1747936200
2025-05-22T18:00:00Z	C	24.094	1747936800
2025-05-22T18:10:00Z	C	23.594	1747937400
2025-05-22T18:20:00Z	C	23.594	1747938000
2025-05-22T18:30:00Z	C	23.594	1747938600
2025-05-22T18:40:00Z	C	23.093	1747939200
2025-05-22T18:50:00Z	C	23.093	1747939800
2025-05-22T19:00:00Z	C	23.093	1747940400
2025-05-22T19:10:00Z	C	22.593	1747941000
2025-05-22T19:20:00Z	C	22.593	1747941600
2025-05-22T19:30:00Z	C	22.093	1747942200
2025-05-22T19:40:00Z	C	20.091	1747942800
2025-05-22T19:50:00Z	C	20.091	1747943400
2025-05-22T20:00:00Z	C	20.091	1747944000
2025-05-22T20:10:00Z	C	20.091	1747944600
2025-05-22T20:20:00Z	C	20.091	1747945200
2025-05-22T20:30:00Z	C	20.091	1747945800
2025-05-22T20:40:00Z	C	20.091	1747946400
2025-05-22T20:50:00Z	C	20.091	1747947000
2025-05-22T21:00:00Z	C	20.091	1747947600
2025-05-22T21:10:00Z	C	20.091	1747948200
2025-05-22T21:20:00Z	C	20.091	1747948800
2025-05-22T21:30:00Z	C	20.591	1747949400
2025-05-22T21:40:00Z	C	20.591	1747950000
2025-05-22T21:50:00Z	C	20.591	1747950600
2025-05-22T22:00:00Z	C	20.591	1747951200
2025-05-22T22:10:00Z	C	20.091	1747951800
2025-05-22T22:20:00Z	C	20.091	1747952400
2025-05-22T22:30:00Z	C	20.591	1747953000
2025-05-22T22:40:00Z	C	20.591	1747953600
2025-05-22T22:50:00Z	C	20.091	1747954200
2025-05-22T23:00:00Z	C	20.091	1747954800
2025-05-22T23:10:00Z	C	20.591	1747955400
2025-05-22T23:20:00Z	C	20.591	1747956000
2025-05-22T23:30:00Z	C	20.591	1747956600
2025-05-22T23:40:00Z	C	20.591	1747957200
2025-05-22T23:50:00Z	C	20.591	1747957800
2025-05-23T00:00:00Z	C	20.591	1747958400
2025-05-23T00:10:00Z	C	20.591	1747959000
2025-05-23T00:20:00Z	C	20.591	1747959600
2025-05-23T00:30:00Z	C	21.092	1747960200
2025-05-23T00:40:00Z	C	20.591	1747960800
2025-05-23T00:50:00Z	C	20.591	1747961400
2025-05-23T01:00:00Z	C	20.591	1747962000
2025-05-23T01:10:00Z	C	20.591	1747962600
2025-05-23T01:20:00Z	C	20.591	1747963200
2025-05-23T01:30:00Z	C	20.091	1747963800
2025-05-23T01:40:00Z	C	20.091	1747964400
2025-05-23T01:50:00Z	C	20.091	1747965000
2025-05-23T02:00:00Z	C	20.591	1747965600
2025-05-23T02:10:00Z	C	20.591	1747966200
2025-05-23T02:20:00Z	C	20.591	1747966800
2025-05-23T02:30:00Z	C	20.591	1747967400
2025-05-23T02:40:00Z	C	20.591	1747968000
2025-05-23T02:50:00Z	C	20.591	1747968600
2025-05-23T03:00:00Z	C	20.091	1747969200
2025-05-23T03:10:00Z	C	20.091	1747969800
2025-05-23T03:20:00Z	C	20.091	1747970400
2025-05-23T03:30:00Z	C	20.091	1747971000
2025-05-23T03:40:00Z	C	19.59	1747971600
2025-05-23T03:50:00Z	C	19.59	1747972200
2025-05-23T04:00:00Z	C	19.59	1747972800
2025-05-23T04:10:00Z	C	19.59	1747973400
2025-05-23T04:20:00Z	C	19.59	1747974000
2025-05-23T04:30:00Z	C	19.59	1747974600
2025-05-23T04:40:00Z	C	19.59	1747975200
2025-05-23T04:50:00Z	C	19.59	1747975800
2025-05-23T05:00:00Z	C	20.091	1747976400
2025-05-23T05:10:00Z	C	20.091	1747977000
2025-05-23T05:20:00Z	C	20.091	1747977600
2025-05-23T05:30:00Z	C	20.091	1747978200
2025-05-23T05:40:00Z	C	20.091	1747978800
2025-05-23T05:50:00Z	C	20.091	1747979400
2025-05-23T06:00:00Z	C	20.091	1747980000
2025-05-23T06:10:00Z	C	20.091	1747980600
2025-05-23T06:20:00Z	C	20.091	1747981200
2025-05-23T06:30:00Z	C	20.091	1747981800
2025-05-23T06:40:00Z	C	20.091	1747982400
2025-05-23T06:50:00Z	C	20.091	1747983000
2025-05-23T07:00:00Z	C	20.091	1747983600
2025-05-23T07:10:00Z	C	20.091	1747984200
2025-05-23T07:20:00Z	C	20.591	1747984800
2025-05-23T07:30:00Z	C	20.591	1747985400
2025-05-23T07:40:00Z	C	20.591	1747986000
2025-05-23T07:50:00Z	C	21.092	1747986600
2025-05-23T08:00:00Z	C	21.592	1747987200
2025-05-23T08:10:00Z	C	22.093	1747987800
2025-05-23T08:20:00Z	C	23.594	1747988400
2025-05-23T08:30:00Z	C	28.092	1747989000
2025-05-23T08:40:00Z	C	29.591	1747989600
2025-05-23T08:50:00Z	C	27.593	1747990200
2025-05-23T09:00:00Z	C	25.094	1747990800
2025-05-23T09:10:00Z	C	27.093	1747991400
2025-05-23T09:20:00Z	C	29.091	1747992000
2025-05-23T09:30:00Z	C	28.092	1747992600
2025-05-23T09:40:00Z	C	26.094	1747993200
2025-05-23T09:50:00Z	C	26.094	1747993800
2025-05-23T10:00:00Z	C	26.094	1747994400
2025-05-23T10:10:00Z	C	26.094	1747995000
2025-05-23T10:20:00Z	C	26.593	1747995600
2025-05-23T10:30:00Z	C	26.593	1747996200
2025-05-23T10:40:00Z	C	26.593	1747996800
2025-05-23T10:50:00Z	C	26.094	1747997400
2025-05-23T11:00:00Z	C	26.094	1747998000
2025-05-23T11:10:00Z	C	26.094	1747998600
2025-05-23T11:20:00Z	C	26.593	1747999200
2025-05-23T11:30:00Z	C	26.094	1747999800
2025-05-23T11:40:00Z	C	26.593	1748000400
2025-05-23T11:50:00Z	C	26.593	1748001000
2025-05-23T12:00:00Z	C	26.593	1748001600
2025-05-23T12:10:00Z	C	26.593	1748002200
2025-05-23T12:20:00Z	C	26.593	1748002800
2025-05-23T12:30:00Z	C	26.593	1748003400
2025-05-23T12:40:00Z	C	26.593	1748004000
2025-05-23T12:50:00Z	C	26.593	1748004600
2025-05-23T13:00:00Z	C	26.094	1748005200
2025-05-23T13:10:00Z	C	26.094	1748005800
2025-05-23T13:20:00Z	C	26.593	1748006400
2025-05-23T13:30:00Z	C	26.593	1748007000
2025-05-23T13:40:00Z	C	26.593	1748007600
2025-05-23T13:50:00Z	C	26.094	1748008200
2025-05-23T14:00:00Z	C	26.593	1748008800
2025-05-23T14:10:00Z	C	26.593	1748009400
2025-05-23T14:20:00Z	C	26.593	1748010000
2025-05-23T14:30:00Z	C	27.093	1748010600
2025-05-23T14:40:00Z	C	26.593	1748011200
2025-05-23T14:50:00Z	C	27.093	1748011800
2025-05-23T15:00:00Z	C	27.093	1748012400
2025-05-23T15:10:00Z	C	27.093	1748013000
2025-05-23T15:20:00Z	C	27.093	1748013600
2025-05-23T15:30:00Z	C	27.593	1748014200
2025-05-23T15:40:00Z	C	27.593	1748014800
2025-05-23T15:50:00Z	C	27.593	1748015400
2025-05-23T16:00:00Z	C	27.593	1748016000
2025-05-23T16:10:00Z	C	27.593	1748016600
2025-05-23T16:20:00Z	C	27.593	1748017200
2025-05-23T16:30:00Z	C	27.593	1748017800
2025-05-23T16:40:00Z	C	27.593	1748018400
2025-05-23T16:50:00Z	C	27.593	1748019000
2025-05-23T17:00:00Z	C	27.093	1748019600
2025-05-23T17:10:00Z	C	27.093	1748020200
2025-05-23T17:20:00Z	C	26.593	1748020800
2025-05-23T17:30:00Z	C	26.593	1748021400
2025-05-23T17:40:00Z	C	26.593	1748022000
2025-05-23T17:50:00Z	C	26.094	1748022600
2025-05-23T18:00:00Z	C	26.094	1748023200
2025-05-23T18:10:00Z	C	26.593	1748023800
2025-05-23T18:20:00Z	C	26.593	1748024400
2025-05-23T18:30:00Z	C	26.094	1748025000
2025-05-23T18:40:00Z	C	25.594	1748025600
2025-05-23T18:50:00Z	C	25.594	1748026200
2025-05-23T19:00:00Z	C	25.094	1748026800
2025-05-23T19:10:00Z	C	24.094	1748027400
2025-05-23T19:20:00Z	C	24.094	1748028000
2025-05-23T19:30:00Z	C	24.094	1748028600
2025-05-23T19:40:00Z	C	24.094	1748029200
2025-05-23T19:50:00Z	C	24.094	1748029800
2025-05-23T20:00:00Z	C	23.594	1748030400
2025-05-23T20:10:00Z	C	23.594	1748031000
2025-05-23T20:20:00Z	C	23.594	1748031600
2025-05-23T20:30:00Z	C	23.594	1748032200
2025-05-23T20:40:00Z	C	23.594	1748032800
2025-05-23T20:50:00Z	C	23.093	1748033400
2025-05-23T21:00:00Z	C	23.093	1748034000
2025-05-23T21:10:00Z	C	23.093	1748034600
2025-05-23T21:20:00Z	C	22.593	1748035200
2025-05-23T21:30:00Z	C	22.593	1748035800
2025-05-23T21:40:00Z	C	22.593	1748036400
2025-05-23T21:50:00Z	C	22.593	1748037000
2025-05-23T22:00:00Z	C	22.093	1748037600
2025-05-23T22:10:00Z	C	22.093	1748038200
2025-05-23T22:20:00Z	C	22.093	1748038800
2025-05-23T22:30:00Z	C	22.093	1748039400
2025-05-23T22:40:00Z	C	22.093	1748040000
2025-05-23T22:50:00Z	C	21.592	1748040600
2025-05-23T23:00:00Z	C	22.093	1748041200
2025-05-23T23:10:00Z	C	22.093	1748041800
2025-05-23T23:20:00Z	C	22.093	1748042400
2025-05-23T23:30:00Z	C	22.093	1748043000
2025-05-23T23:40:00Z	C	22.093	1748043600
2025-05-23T23:50:00Z	C	22.093	1748044200
2025-05-24T00:00:00Z	C	22.093	1748044800
2025-05-24T00:10:00Z	C	22.093	1748045400
2025-05-24T00:20:00Z	C	22.093	1748046000
2025-05-24T00:30:00Z	C	22.593	1748046600
2025-05-24T00:40:00Z	C	22.593	1748047200
2025-05-24T00:50:00Z	C	22.593	1748047800
2025-05-24T01:00:00Z	C	22.593	1748048400
2025-05-24T01:10:00Z	C	22.593	1748049000
2025-05-24T01:20:00Z	C	22.593	1748049600
2025-05-24T01:30:00Z	C	22.593	1748050200
2025-05-24T01:40:00Z	C	22.593	1748050800
2025-05-24T01:50:00Z	C	22.593	1748051400
2025-05-24T02:00:00Z	C	22.593	1748052000
2025-05-24T02:10:00Z	C	22.593	1748052600
2025-05-24T02:20:00Z	C	22.093	1748053200
2025-05-24T02:30:00Z	C	22.093	1748053800
2025-05-24T02:40:00Z	C	22.093	1748054400
2025-05-24T02:50:00Z	C	22.093	1748055000
2025-05-24T03:00:00Z	C	22.093	1748055600
2025-05-24T03:10:00Z	C	21.592	1748056200
2025-05-24T03:20:00Z	C	21.592	1748056800
2025-05-24T03:30:00Z	C	21.092	1748057400
2025-05-24T03:40:00Z	C	21.092	1748058000
2025-05-24T03:50:00Z	C	21.092	1748058600
2025-05-24T04:00:00Z	C	21.092	1748059200
2025-05-24T04:10:00Z	C	21.092	1748059800
2025-05-24T04:20:00Z	C	21.092	1748060400
2025-05-24T04:30:00Z	C	20.591	1748061000
2025-05-24T04:40:00Z	C	20.591	1748061600
2025-05-24T04:50:00Z	C	20.591	1748062200
2025-05-24T05:00:00Z	C	20.591	1748062800
2025-05-24T05:10:00Z	C	20.591	1748063400
2025-05-24T05:20:00Z	C	20.591	1748064000
2025-05-24T05:30:00Z	C	20.591	1748064600
2025-05-24T05:40:00Z	C	20.591	1748065200
2025-05-24T05:50:00Z	C	20.091	1748065800
2025-05-24T06:00:00Z	C	20.091	1748066400
2025-05-24T06:10:00Z	C	20.091	1748067000
2025-05-24T06:20:00Z	C	20.091	1748067600
2025-05-24T06:30:00Z	C	20.091	1748068200
2025-05-24T06:40:00Z	C	20.591	1748068800
2025-05-24T06:50:00Z	C	20.591	1748069400
2025-05-24T07:00:00Z	C	20.091	1748070000
2025-05-24T07:10:00Z	C	20.091	1748070600
2025-05-24T07:20:00Z	C	20.591	1748071200
2025-05-24T07:30:00Z	C	22.593	1748071800
2025-05-24T07:40:00Z	C	24.594	1748072400
2025-05-24T07:50:00Z	C	25.594	1748073000
2025-05-24T08:00:00Z	C	27.593	1748073600
2025-05-24T08:10:00Z	C	28.592	1748074200
2025-05-24T08:20:00Z	C	27.593	1748074800
2025-05-24T08:30:00Z	C	30.09	1748075400
2025-05-24T08:40:00Z	C	31.089	1748076000
2025-05-24T08:50:00Z	C	29.591	1748076600
2025-05-24T09:00:00Z	C	29.091	1748077200
2025-05-24T09:10:00Z	C	30.09	1748077800
2025-05-24T09:20:00Z	C	30.09	1748078400
2025-05-24T09:30:00Z	C	28.592	1748079000
2025-05-24T09:40:00Z	C	27.093	1748079600
2025-05-24T09:50:00Z	C	27.093	1748080200
2025-05-24T10:00:00Z	C	27.093	1748080800
2025-05-24T10:10:00Z	C	27.093	1748081400
2025-05-24T10:20:00Z	C	27.093	1748082000
2025-05-24T10:30:00Z	C	27.593	1748082600
2025-05-24T10:40:00Z	C	27.593	1748083200
2025-05-24T10:50:00Z	C	27.593	1748083800
2025-05-24T11:00:00Z	C	28.092	1748084400
2025-05-24T11:10:00Z	C	28.092	1748085000
2025-05-24T11:20:00Z	C	28.092	1748085600
2025-05-24T11:30:00Z	C	28.092	1748086200
2025-05-24T11:40:00Z	C	28.092	1748086800
2025-05-24T11:50:00Z	C	28.092	1748087400
2025-05-24T12:00:00Z	C	28.092	1748088000
2025-05-24T12:10:00Z	C	28.592	1748088600
2025-05-24T12:20:00Z	C	28.592	1748089200
2025-05-24T12:30:00Z	C	28.092	1748089800
2025-05-24T12:40:00Z	C	28.092	1748090400
2025-05-24T12:50:00Z	C	28.592	1748091000
2025-05-24T13:00:00Z	C	28.092	1748091600
2025-05-24T13:10:00Z	C	28.092	1748092200
2025-05-24T13:20:00Z	C	28.092	1748092800
2025-05-24T13:30:00Z	C	28.592	1748093400
2025-05-24T13:40:00Z	C	28.092	1748094000
2025-05-24T13:50:00Z	C	28.592	1748094600
2025-05-24T14:00:00Z	C	28.592	1748095200
2025-05-24T14:10:00Z	C	28.092	1748095800
2025-05-24T14:20:00Z	C	28.592	1748096400
2025-05-24T14:30:00Z	C	28.592	1748097000
2025-05-24T14:40:00Z	C	28.092	1748097600
2025-05-24T14:50:00Z	C	28.592	1748098200
2025-05-24T15:00:00Z	C	29.091	1748098800
2025-05-24T15:10:00Z	C	29.091	1748099400
2025-05-24T15:20:00Z	C	29.091	1748100000
2025-05-24T15:30:00Z	C	28.092	1748100600
2025-05-24T15:40:00Z	C	28.592	1748101200
2025-05-24T15:50:00Z	C	28.592	1748101800
2025-05-24T16:00:00Z	C	29.091	1748102400
2025-05-24T16:10:00Z	C	28.592	1748103000
2025-05-24T16:20:00Z	C	29.091	1748103600
2025-05-24T16:30:00Z	C	29.091	1748104200
2025-05-24T16:40:00Z	C	29.091	1748104800
2025-05-24T16:50:00Z	C	29.091	1748105400
2025-05-24T17:00:00Z	C	29.091	1748106000
2025-05-24T17:10:00Z	C	29.091	1748106600
2025-05-24T17:20:00Z	C	28.592	1748107200
2025-05-24T17:30:00Z	C	28.592	1748107800
2025-05-24T17:40:00Z	C	28.592	1748108400
2025-05-24T17:50:00Z	C	28.592	1748109000
2025-05-24T18:00:00Z	C	28.092	1748109600
2025-05-24T18:10:00Z	C	28.092	1748110200
2025-05-24T18:20:00Z	C	28.092	1748110800
2025-05-24T18:30:00Z	C	27.593	1748111400
2025-05-24T18:40:00Z	C	27.093	1748112000
2025-05-24T18:50:00Z	C	26.593	1748112600
2025-05-24T19:00:00Z	C	26.593	1748113200
2025-05-24T19:10:00Z	C	26.094	1748113800
2025-05-24T19:20:00Z	C	26.094	1748114400
2025-05-24T19:30:00Z	C	25.594	1748115000
2025-05-24T19:40:00Z	C	25.594	1748115600
2025-05-24T19:50:00Z	C	25.594	1748116200
2025-05-24T20:00:00Z	C	25.594	1748116800
2025-05-24T20:10:00Z	C	25.094	1748117400
2025-05-24T20:20:00Z	C	25.094	1748118000
2025-05-24T20:30:00Z	C	25.094	1748118600
2025-05-24T20:40:00Z	C	24.594	1748119200
2025-05-24T20:50:00Z	C	24.594	1748119800
2025-05-24T21:00:00Z	C	24.594	1748120400
2025-05-24T21:10:00Z	C	24.594	1748121000
2025-05-24T21:20:00Z	C	24.594	1748121600
2025-05-24T21:30:00Z	C	24.594	1748122200
2025-05-24T21:40:00Z	C	24.594	1748122800
2025-05-24T21:50:00Z	C	24.594	1748123400
2025-05-24T22:00:00Z	C	24.094	1748124000
2025-05-24T22:10:00Z	C	24.594	1748124600
2025-05-24T22:20:00Z	C	24.594	1748125200
2025-05-24T22:30:00Z	C	24.594	1748125800
2025-05-24T22:40:00Z	C	24.594	1748126400
2025-05-24T22:50:00Z	C	24.094	1748127000
2025-05-24T23:00:00Z	C	24.094	1748127600
2025-05-24T23:10:00Z	C	24.094	1748128200
2025-05-24T23:20:00Z	C	23.594	1748128800
2025-05-24T23:30:00Z	C	23.594	1748129400
2025-05-24T23:40:00Z	C	23.594	1748130000
2025-05-24T23:50:00Z	C	23.594	1748130600
2025-05-25T00:00:00Z	C	23.594	1748131200
2025-05-25T00:10:00Z	C	23.594	1748131800
2025-05-25T00:20:00Z	C	23.594	1748132400
2025-05-25T00:30:00Z	C	23.093	1748133000
2025-05-25T00:40:00Z	C	23.594	1748133600
2025-05-25T00:50:00Z	C	23.093	1748134200
2025-05-25T01:00:00Z	C	23.093	1748134800
2025-05-25T01:10:00Z	C	23.093	1748135400
2025-05-25T01:20:00Z	C	23.093	1748136000
2025-05-25T01:30:00Z	C	23.594	1748136600
2025-05-25T01:40:00Z	C	23.594	1748137200
2025-05-25T01:50:00Z	C	23.093	1748137800
2025-05-25T02:00:00Z	C	21.592	1748138400
2025-05-25T02:10:00Z	C	20.591	1748139000
2025-05-25T02:20:00Z	C	20.091	1748139600
2025-05-25T02:30:00Z	C	19.59	1748140200
2025-05-25T02:40:00Z	C	19.59	1748140800
2025-05-25T02:50:00Z	C	19.59	1748141400
2025-05-25T03:00:00Z	C	19.59	1748142000
2025-05-25T03:10:00Z	C	19.089	1748142600
2025-05-25T03:20:00Z	C	19.089	1748143200
2025-05-25T03:30:00Z	C	19.089	1748143800
2025-05-25T03:40:00Z	C	19.089	1748144400
2025-05-25T03:50:00Z	C	19.089	1748145000
2025-05-25T04:00:00Z	C	19.089	1748145600
2025-05-25T04:10:00Z	C	18.589	1748146200
2025-05-25T04:20:00Z	C	18.589	1748146800
2025-05-25T04:30:00Z	C	18.589	1748147400
2025-05-25T04:40:00Z	C	18.589	1748148000
2025-05-25T04:50:00Z	C	18.589	1748148600
2025-05-25T05:00:00Z	C	18.589	1748149200
2025-05-25T05:10:00Z	C	18.589	1748149800
2025-05-25T05:20:00Z	C	18.589	1748150400
2025-05-25T05:30:00Z	C	18.589	1748151000
2025-05-25T05:40:00Z	C	18.589	1748151600
2025-05-25T05:50:00Z	C	19.089	1748152200
2025-05-25T06:00:00Z	C	18.589	1748152800
2025-05-25T06:10:00Z	C	18.589	1748153400
2025-05-25T06:20:00Z	C	18.589	1748154000
2025-05-25T06:30:00Z	C	18.589	1748154600
2025-05-25T06:40:00Z	C	18.589	1748155200
2025-05-25T06:50:00Z	C	19.089	1748155800
2025-05-25T07:00:00Z	C	19.089	1748156400
2025-05-25T07:10:00Z	C	19.089	1748157000
2025-05-25T07:20:00Z	C	19.59	1748157600
2025-05-25T07:30:00Z	C	20.091	1748158200
2025-05-25T07:40:00Z	C	20.091	1748158800
2025-05-25T07:50:00Z	C	20.591	1748159400
2025-05-25T08:00:00Z	C	21.592	1748160000
2025-05-25T08:10:00Z	C	21.592	1748160600
2025-05-25T08:20:00Z	C	24.594	1748161200
2025-05-25T08:30:00Z	C	23.594	1748161800
2025-05-25T08:40:00Z	C	22.593	1748162400
2025-05-25T08:50:00Z	C	23.594	1748163000
2025-05-25T09:00:00Z	C	25.594	1748163600
2025-05-25T09:10:00Z	C	28.592	1748164200
2025-05-25T09:20:00Z	C	29.591	1748164800
2025-05-25T09:30:00Z	C	29.591	1748165400
2025-05-25T09:40:00Z	C	27.093	1748166000
2025-05-25T09:50:00Z	C	26.094	1748166600
2025-05-25T10:00:00Z	C	26.593	1748167200
2025-05-25T10:10:00Z	C	26.094	1748167800
2025-05-25T10:20:00Z	C	27.093	1748168400
2025-05-25T10:30:00Z	C	27.593	1748169000
2025-05-25T10:40:00Z	C	27.093	1748169600
2025-05-25T10:50:00Z	C	26.593	1748170200
2025-05-25T11:00:00Z	C	27.093	1748170800
2025-05-25T11:10:00Z	C	27.093	1748171400
2025-05-25T11:20:00Z	C	27.093	1748172000
2025-05-25T11:30:00Z	C	27.093	1748172600
2025-05-25T11:40:00Z	C	27.093	1748173200
2025-05-25T11:50:00Z	C	27.593	1748173800
2025-05-25T12:00:00Z	C	27.593	1748174400
2025-05-25T12:10:00Z	C	27.593	1748175000
2025-05-25T12:20:00Z	C	27.593	1748175600
2025-05-25T12:30:00Z	C	27.593	1748176200
2025-05-25T12:40:00Z	C	27.593	1748176800
2025-05-25T12:50:00Z	C	27.593	1748177400
2025-05-25T13:00:00Z	C	27.593	1748178000
2025-05-25T13:10:00Z	C	27.593	1748178600
2025-05-25T13:20:00Z	C	28.092	1748179200
2025-05-25T13:30:00Z	C	27.593	1748179800
2025-05-25T13:40:00Z	C	28.092	1748180400
2025-05-25T13:50:00Z	C	27.593	1748181000
2025-05-25T14:00:00Z	C	27.593	1748181600
2025-05-25T14:10:00Z	C	27.093	1748182200
2025-05-25T14:20:00Z	C	27.093	1748182800
2025-05-25T14:30:00Z	C	27.093	1748183400
2025-05-25T14:40:00Z	C	27.093	1748184000
2025-05-25T14:50:00Z	C	26.593	1748184600
2025-05-25T15:00:00Z	C	26.593	1748185200
2025-05-25T15:10:00Z	C	26.593	1748185800
2025-05-25T15:20:00Z	C	26.593	1748186400
2025-05-25T15:30:00Z	C	26.593	1748187000
2025-05-25T15:40:00Z	C	26.593	1748187600
2025-05-25T15:50:00Z	C	26.094	1748188200
2025-05-25T16:00:00Z	C	26.593	1748188800
2025-05-25T16:10:00Z	C	26.593	1748189400
2025-05-25T16:20:00Z	C	26.593	1748190000
2025-05-25T16:30:00Z	C	27.093	1748190600
2025-05-25T16:40:00Z	C	27.093	1748191200
2025-05-25T16:50:00Z	C	27.093	1748191800
2025-05-25T17:00:00Z	C	26.593	1748192400
2025-05-25T17:10:00Z	C	26.593	1748193000
2025-05-25T17:20:00Z	C	26.593	1748193600
2025-05-25T17:30:00Z	C	26.593	1748194200
2025-05-25T17:40:00Z	C	27.093	1748194800
2025-05-25T17:50:00Z	C	26.593	1748195400
2025-05-25T18:00:00Z	C	26.593	1748196000
2025-05-25T18:10:00Z	C	26.593	1748196600
2025-05-25T18:20:00Z	C	26.593	1748197200
2025-05-25T18:30:00Z	C	26.094	1748197800
2025-05-25T18:40:00Z	C	26.094	1748198400
2025-05-25T18:50:00Z	C	25.594	1748199000
2025-05-25T19:00:00Z	C	25.594	1748199600
2025-05-25T19:10:00Z	C	25.094	1748200200
2025-05-25T19:20:00Z	C	25.094	1748200800
2025-05-25T19:30:00Z	C	24.594	1748201400
2025-05-25T19:40:00Z	C	24.594	1748202000
2025-05-25T19:50:00Z	C	24.594	1748202600
2025-05-25T20:00:00Z	C	24.094	1748203200
2025-05-25T20:10:00Z	C	24.094	1748203800
2025-05-25T20:20:00Z	C	24.094	1748204400
2025-05-25T20:30:00Z	C	23.594	1748205000
2025-05-25T20:40:00Z	C	23.594	1748205600
2025-05-25T20:50:00Z	C	24.094	1748206200
2025-05-25T21:00:00Z	C	23.594	1748206800
2025-05-25T21:10:00Z	C	23.093	1748207400
2025-05-25T21:20:00Z	C	23.594	1748208000
2025-05-25T21:30:00Z	C	23.093	1748208600
2025-05-25T21:40:00Z	C	23.093	1748209200
2025-05-25T21:50:00Z	C	23.093	1748209800
2025-05-25T22:00:00Z	C	23.093	1748210400
2025-05-25T22:10:00Z	C	23.093	1748211000
2025-05-25T22:20:00Z	C	22.593	1748211600
2025-05-25T22:30:00Z	C	23.093	1748212200
2025-05-25T22:40:00Z	C	23.093	1748212800
2025-05-25T22:50:00Z	C	23.093	1748213400
2025-05-25T23:00:00Z	C	23.093	1748214000
2025-05-25T23:10:00Z	C	22.593	1748214600
2025-05-25T23:20:00Z	C	22.593	1748215200
2025-05-25T23:30:00Z	C	22.593	1748215800
2025-05-25T23:40:00Z	C	22.593	1748216400
2025-05-25T23:50:00Z	C	22.593	1748217000
2025-05-26T00:00:00Z	C	22.593	1748217600
2025-05-26T00:10:00Z	C	22.593	1748218200
2025-05-26T00:20:00Z	C	22.593	1748218800
2025-05-26T00:30:00Z	C	22.593	1748219400
2025-05-26T00:40:00Z	C	22.593	1748220000
2025-05-26T00:50:00Z	C	22.593	1748220600
2025-05-26T01:00:00Z	C	22.093	1748221200
2025-05-26T01:10:00Z	C	21.592	1748221800
2025-05-26T01:20:00Z	C	21.592	1748222400
2025-05-26T01:30:00Z	C	21.592	1748223000
2025-05-26T01:40:00Z	C	21.092	1748223600
2025-05-26T01:50:00Z	C	21.092	1748224200
2025-05-26T02:00:00Z	C	21.592	1748224800
2025-05-26T02:10:00Z	C	21.092	1748225400
2025-05-26T02:20:00Z	C	21.092	1748226000
2025-05-26T02:30:00Z	C	21.092	1748226600
2025-05-26T02:40:00Z	C	21.592	1748227200
2025-05-26T02:50:00Z	C	21.592	1748227800
2025-05-26T03:00:00Z	C	21.592	1748228400
2025-05-26T03:10:00Z	C	21.092	1748229000
2025-05-26T03:20:00Z	C	21.092	1748229600
2025-05-26T03:30:00Z	C	21.092	1748230200
2025-05-26T03:40:00Z	C	21.092	1748230800
2025-05-26T03:50:00Z	C	21.092	1748231400
2025-05-26T04:00:00Z	C	21.092	1748232000
2025-05-26T04:10:00Z	C	21.092	1748232600
2025-05-26T04:20:00Z	C	21.092	1748233200
2025-05-26T04:30:00Z	C	21.092	1748233800
2025-05-26T04:40:00Z	C	20.591	1748234400
2025-05-26T04:50:00Z	C	20.591	1748235000
2025-05-26T05:00:00Z	C	20.591	1748235600
2025-05-26T05:10:00Z	C	20.591	1748236200
2025-05-26T05:20:00Z	C	20.091	1748236800
2025-05-26T05:30:00Z	C	20.091	1748237400
2025-05-26T05:40:00Z	C	20.091	1748238000
2025-05-26T05:50:00Z	C	20.591	1748238600
2025-05-26T06:00:00Z	C	20.591	1748239200
2025-05-26T06:10:00Z	C	20.091	1748239800
2025-05-26T06:20:00Z	C	20.091	1748240400
2025-05-26T06:30:00Z	C	20.091	1748241000
2025-05-26T06:40:00Z	C	20.091	1748241600
2025-05-26T06:50:00Z	C	20.091	1748242200
2025-05-26T07:00:00Z	C	19.59	1748242800
2025-05-26T07:10:00Z	C	20.091	1748243400
2025-05-26T07:20:00Z	C	20.591	1748244000
2025-05-26T07:30:00Z	C	21.092	1748244600
2025-05-26T07:40:00Z	C	22.593	1748245200
2025-05-26T07:50:00Z	C	23.594	1748245800
2025-05-26T08:00:00Z	C	24.094	1748246400
2025-05-26T08:10:00Z	C	23.093	1748247000
2025-05-26T08:20:00Z	C	22.093	1748247600
2025-05-26T08:30:00Z	C	22.093	1748248200
2025-05-26T08:40:00Z	C	23.093	1748248800
2025-05-26T08:50:00Z	C	22.593	1748249400
2025-05-26T09:00:00Z	C	23.093	1748250000
2025-05-26T09:10:00Z	C	23.594	1748250600
2025-05-26T09:20:00Z	C	23.093	1748251200
2025-05-26T09:30:00Z	C	23.093	1748251800
2025-05-26T09:40:00Z	C	23.594	1748252400
2025-05-26T09:50:00Z	C	23.594	1748253000
2025-05-26T10:00:00Z	C	23.594	1748253600
2025-05-26T10:10:00Z	C	23.594	1748254200
2025-05-26T10:20:00Z	C	23.594	1748254800
2025-05-26T10:30:00Z	C	23.594	1748255400
2025-05-26T10:40:00Z	C	24.094	1748256000
2025-05-26T10:50:00Z	C	24.594	1748256600
2025-05-26T11:00:00Z	C	24.594	1748257200
2025-05-26T11:10:00Z	C	25.094	1748257800
2025-05-26T11:20:00Z	C	25.094	1748258400
2025-05-26T11:30:00Z	C	25.094	1748259000
2025-05-26T11:40:00Z	C	25.094	1748259600
2025-05-26T11:50:00Z	C	25.094	1748260200
2025-05-26T12:00:00Z	C	25.094	1748260800
2025-05-26T12:10:00Z	C	25.594	1748261400
2025-05-26T12:20:00Z	C	26.094	1748262000
2025-05-26T12:30:00Z	C	26.593	1748262600
2025-05-26T12:40:00Z	C	25.594	1748263200
2025-05-26T12:50:00Z	C	25.594	1748263800
2025-05-26T13:00:00Z	C	26.094	1748264400
2025-05-26T13:10:00Z	C	26.094	1748265000
2025-05-26T13:20:00Z	C	26.593	1748265600
2025-05-26T13:30:00Z	C	26.593	1748266200
2025-05-26T13:40:00Z	C	26.593	1748266800
2025-05-26T13:50:00Z	C	26.593	1748267400
2025-05-26T14:00:00Z	C	26.593	1748268000
2025-05-26T14:10:00Z	C	26.593	1748268600
2025-05-26T14:20:00Z	C	27.093	1748269200
2025-05-26T14:30:00Z	C	27.093	1748269800
2025-05-26T14:40:00Z	C	27.593	1748270400
2025-05-26T14:50:00Z	C	27.093	1748271000
2025-05-26T15:00:00Z	C	27.593	1748271600
2025-05-26T15:10:00Z	C	27.593	1748272200
2025-05-26T15:20:00Z	C	27.593	1748272800
2025-05-26T15:30:00Z	C	27.593	1748273400
2025-05-26T15:40:00Z	C	27.593	1748274000
2025-05-26T15:50:00Z	C	27.093	1748274600
2025-05-26T16:00:00Z	C	27.093	1748275200
2025-05-26T16:10:00Z	C	27.593	1748275800
2025-05-26T16:20:00Z	C	27.093	1748276400
2025-05-26T16:30:00Z	C	27.093	1748277000
2025-05-26T16:40:00Z	C	27.093	1748277600
2025-05-26T16:50:00Z	C	26.593	1748278200
2025-05-26T17:00:00Z	C	27.093	1748278800
2025-05-26T17:10:00Z	C	27.093	1748279400
2025-05-26T17:20:00Z	C	27.093	1748280000
2025-05-26T17:30:00Z	C	27.093	1748280600
2025-05-26T17:40:00Z	C	27.093	1748281200
2025-05-26T17:50:00Z	C	27.093	1748281800
2025-05-26T18:00:00Z	C	27.093	1748282400
2025-05-26T18:10:00Z	C	26.593	1748283000
2025-05-26T18:20:00Z	C	26.593	1748283600
2025-05-26T18:30:00Z	C	26.094	1748284200
2025-05-26T18:40:00Z	C	26.094	1748284800
2025-05-26T18:50:00Z	C	26.094	1748285400
2025-05-26T19:00:00Z	C	25.594	1748286000
2025-05-26T19:10:00Z	C	25.094	1748286600
2025-05-26T19:20:00Z	C	25.094	1748287200
2025-05-26T19:30:00Z	C	25.094	1748287800
2025-05-26T19:40:00Z	C	24.594	1748288400
2025-05-26T19:50:00Z	C	24.594	1748289000
2025-05-26T20:00:00Z	C	24.594	1748289600
2025-05-26T20:10:00Z	C	24.094	1748290200
2025-05-26T20:20:00Z	C	24.094	1748290800
2025-05-26T20:30:00Z	C	23.594	1748291400
2025-05-26T20:40:00Z	C	23.594	1748292000
2025-05-26T20:50:00Z	C	23.594	1748292600
2025-05-26T21:00:00Z	C	23.594	1748293200
2025-05-26T21:10:00Z	C	23.093	1748293800
2025-05-26T21:20:00Z	C	23.093	1748294400
2025-05-26T21:30:00Z	C	23.093	1748295000
2025-05-26T21:40:00Z	C	23.093	1748295600
2025-05-26T21:50:00Z	C	23.093	1748296200
2025-05-26T22:00:00Z	C	23.093	1748296800
2025-05-26T22:10:00Z	C	22.593	1748297400
2025-05-26T22:20:00Z	C	22.593	1748298000
2025-05-26T22:30:00Z	C	22.593	1748298600
2025-05-26T22:40:00Z	C	22.593	1748299200
2025-05-26T22:50:00Z	C	22.593	1748299800
2025-05-26T23:00:00Z	C	22.593	1748300400
2025-05-26T23:10:00Z	C	22.593	1748301000
2025-05-26T23:20:00Z	C	22.593	1748301600
2025-05-26T23:30:00Z	C	22.593	1748302200
2025-05-26T23:40:00Z	C	22.093	1748302800
2025-05-26T23:50:00Z	C	22.093	1748303400
2025-05-27T00:00:00Z	C	22.093	1748304000
2025-05-27T00:10:00Z	C	22.093	1748304600
2025-05-27T00:20:00Z	C	22.093	1748305200
2025-05-27T00:30:00Z	C	22.093	1748305800
2025-05-27T00:40:00Z	C	22.093	1748306400
2025-05-27T00:50:00Z	C	22.093	1748307000
2025-05-27T01:00:00Z	C	22.093	1748307600
2025-05-27T01:10:00Z	C	22.093	1748308200
2025-05-27T01:20:00Z	C	22.093	1748308800
2025-05-27T01:30:00Z	C	22.093	1748309400
2025-05-27T01:40:00Z	C	22.093	1748310000
2025-05-27T01:50:00Z	C	22.093	1748310600
2025-05-27T02:00:00Z	C	20.591	1748311200
2025-05-27T02:10:00Z	C	20.091	1748311800
2025-05-27T02:20:00Z	C	19.59	1748312400
2025-05-27T02:30:00Z	C	18.589	1748313000
2025-05-27T02:40:00Z	C	18.589	1748313600
2025-05-27T02:50:00Z	C	18.589	1748314200
2025-05-27T03:00:00Z	C	18.088	1748314800
2025-05-27T03:10:00Z	C	18.088	1748315400
2025-05-27T03:20:00Z	C	18.088	1748316000
2025-05-27T03:30:00Z	C	18.589	1748316600
2025-05-27T03:40:00Z	C	18.589	1748317200
2025-05-27T03:50:00Z	C	18.589	1748317800
2025-05-27T04:00:00Z	C	18.589	1748318400
2025-05-27T04:10:00Z	C	18.589	1748319000
2025-05-27T04:20:00Z	C	18.589	1748319600
2025-05-27T04:30:00Z	C	18.589	1748320200
2025-05-27T04:40:00Z	C	18.589	1748320800
2025-05-27T04:50:00Z	C	18.589	1748321400
2025-05-27T05:00:00Z	C	18.589	1748322000
2025-05-27T05:10:00Z	C	18.589	1748322600
2025-05-27T05:20:00Z	C	18.589	1748323200
2025-05-27T05:30:00Z	C	18.589	1748323800
2025-05-27T05:40:00Z	C	18.088	1748324400
2025-05-27T05:50:00Z	C	18.088	1748325000
2025-05-27T06:00:00Z	C	18.589	1748325600
2025-05-27T06:10:00Z	C	18.589	1748326200
2025-05-27T06:20:00Z	C	18.589	1748326800
2025-05-27T06:30:00Z	C	18.589	1748327400
2025-05-27T06:40:00Z	C	18.589	1748328000
2025-05-27T06:50:00Z	C	19.089	1748328600
2025-05-27T07:00:00Z	C	19.089	1748329200
2025-05-27T07:10:00Z	C	19.089	1748329800
2025-05-27T07:20:00Z	C	19.59	1748330400
2025-05-27T07:30:00Z	C	19.59	1748331000
2025-05-27T07:40:00Z	C	20.091	1748331600
2025-05-27T07:50:00Z	C	20.591	1748332200
2025-05-27T08:00:00Z	C	21.592	1748332800
2025-05-27T08:10:00Z	C	23.093	1748333400
2025-05-27T08:20:00Z	C	23.093	1748334000
2025-05-27T08:30:00Z	C	26.094	1748334600
2025-05-27T08:40:00Z	C	27.093	1748335200
2025-05-27T08:50:00Z	C	26.593	1748335800
2025-05-27T09:00:00Z	C	26.094	1748336400
2025-05-27T09:10:00Z	C	28.092	1748337000
2025-05-27T09:20:00Z	C	26.593	1748337600
2025-05-27T09:30:00Z	C	25.094	1748338200
2025-05-27T09:40:00Z	C	24.094	1748338800
2025-05-27T09:50:00Z	C	24.094	1748339400
2025-05-27T10:00:00Z	C	24.594	1748340000
2025-05-27T10:10:00Z	C	24.594	1748340600
2025-05-27T10:20:00Z	C	24.594	1748341200
2025-05-27T10:30:00Z	C	24.594	1748341800
2025-05-27T10:40:00Z	C	24.094	1748342400
2025-05-27T10:50:00Z	C	24.094	1748343000
2025-05-27T11:00:00Z	C	24.094	1748343600
2025-05-27T11:10:00Z	C	24.094	1748344200
2025-05-27T11:20:00Z	C	24.594	1748344800
2025-05-27T11:30:00Z	C	24.594	1748345400
2025-05-27T11:40:00Z	C	24.594	1748346000
2025-05-27T11:50:00Z	C	24.594	1748346600
2025-05-27T12:00:00Z	C	24.594	1748347200
2025-05-27T12:10:00Z	C	22.593	1748347800
2025-05-27T12:20:00Z	C	20.591	1748348400
2025-05-27T12:30:00Z	C	20.091	1748349000
2025-05-27T12:40:00Z	C	20.591	1748349600
2025-05-27T12:50:00Z	C	21.592	1748350200
2025-05-27T13:00:00Z	C	22.093	1748350800
2025-05-27T13:10:00Z	C	23.093	1748351400
2025-05-27T13:20:00Z	C	23.594	1748352000
2025-05-27T13:30:00Z	C	23.594	1748352600
2025-05-27T13:40:00Z	C	24.094	1748353200
2025-05-27T13:50:00Z	C	25.094	1748353800
2025-05-27T14:00:00Z	C	25.094	1748354400
2025-05-27T14:10:00Z	C	25.594	1748355000
2025-05-27T14:20:00Z	C	25.594	1748355600
2025-05-27T14:30:00Z	C	26.094	1748356200
2025-05-27T14:40:00Z	C	25.594	1748356800
2025-05-27T14:50:00Z	C	25.594	1748357400
2025-05-27T15:00:00Z	C	25.594	1748358000
2025-05-27T15:10:00Z	C	25.594	1748358600
2025-05-27T15:20:00Z	C	26.094	1748359200
2025-05-27T15:30:00Z	C	26.094	1748359800
2025-05-27T15:40:00Z	C	26.094	1748360400
2025-05-27T15:50:00Z	C	26.094	1748361000
2025-05-27T16:00:00Z	C	25.594	1748361600
2025-05-27T16:10:00Z	C	25.094	1748362200
2025-05-27T16:20:00Z	C	25.094	1748362800
2025-05-27T16:30:00Z	C	25.094	1748363400
2025-05-27T16:40:00Z	C	25.594	1748364000
2025-05-27T16:50:00Z	C	25.594	1748364600
2025-05-27T17:00:00Z	C	25.094	1748365200
2025-05-27T17:10:00Z	C	25.094	1748365800
2025-05-27T17:20:00Z	C	25.094	1748366400
2025-05-27T17:30:00Z	C	25.594	1748367000
2025-05-27T17:40:00Z	C	26.094	1748367600
2025-05-27T17:50:00Z	C	26.094	1748368200
2025-05-27T18:00:00Z	C	26.094	1748368800
2025-05-27T18:10:00Z	C	25.594	1748369400
2025-05-27T18:20:00Z	C	25.094	1748370000
2025-05-27T18:30:00Z	C	25.094	1748370600
2025-05-27T18:40:00Z	C	24.594	1748371200
2025-05-27T18:50:00Z	C	24.094	1748371800
2025-05-27T19:00:00Z	C	24.094	1748372400
2025-05-27T19:10:00Z	C	23.594	1748373000
2025-05-27T19:20:00Z	C	23.594	1748373600
2025-05-27T19:30:00Z	C	23.093	1748374200
2025-05-27T19:40:00Z	C	23.093	1748374800
2025-05-27T19:50:00Z	C	23.093	1748375400
2025-05-27T20:00:00Z	C	23.093	1748376000
2025-05-27T20:10:00Z	C	22.593	1748376600
2025-05-27T20:20:00Z	C	22.593	1748377200
2025-05-27T20:30:00Z	C	22.593	1748377800
2025-05-27T20:40:00Z	C	22.093	1748378400
2025-05-27T20:50:00Z	C	22.093	1748379000
2025-05-27T21:00:00Z	C	22.093	1748379600
2025-05-27T21:10:00Z	C	22.093	1748380200
2025-05-27T21:20:00Z	C	22.093	1748380800
2025-05-27T21:30:00Z	C	22.093	1748381400
2025-05-27T21:40:00Z	C	22.093	1748382000
2025-05-27T21:50:00Z	C	22.093	1748382600
2025-05-27T22:00:00Z	C	22.093	1748383200
2025-05-27T22:10:00Z	C	21.592	1748383800
2025-05-27T22:20:00Z	C	21.592	1748384400
2025-05-27T22:30:00Z	C	21.092	1748385000
2025-05-27T22:40:00Z	C	20.591	1748385600
2025-05-27T22:50:00Z	C	20.591	1748386200
2025-05-27T23:00:00Z	C	20.591	1748386800
2025-05-27T23:10:00Z	C	20.591	1748387400
2025-05-27T23:20:00Z	C	20.591	1748388000
2025-05-27T23:30:00Z	C	20.591	1748388600
2025-05-27T23:40:00Z	C	20.591	1748389200
2025-05-27T23:50:00Z	C	20.591	1748389800
2025-05-28T00:00:00Z	C	20.591	1748390400
2025-05-28T00:10:00Z	C	20.091	1748391000
2025-05-28T00:20:00Z	C	20.091	1748391600
2025-05-28T00:30:00Z	C	20.091	1748392200
2025-05-28T00:40:00Z	C	20.091	1748392800
2025-05-28T00:50:00Z	C	20.091	1748393400
2025-05-28T01:00:00Z	C	20.091	1748394000
2025-05-28T01:10:00Z	C	20.091	1748394600
2025-05-28T01:20:00Z	C	20.091	1748395200
2025-05-28T01:30:00Z	C	20.091	1748395800
2025-05-28T01:40:00Z	C	20.091	1748396400
2025-05-28T01:50:00Z	C	20.091	1748397000
2025-05-28T02:00:00Z	C	20.091	1748397600
2025-05-28T02:10:00Z	C	19.59	1748398200
2025-05-28T02:20:00Z	C	19.59	1748398800
2025-05-28T02:30:00Z	C	19.59	1748399400
2025-05-28T02:40:00Z	C	19.59	1748400000
2025-05-28T02:50:00Z	C	19.59	1748400600
2025-05-28T03:00:00Z	C	19.59	1748401200
2025-05-28T03:10:00Z	C	19.59	1748401800
2025-05-28T03:20:00Z	C	19.59	1748402400
2025-05-28T03:30:00Z	C	19.59	1748403000
2025-05-28T03:40:00Z	C	19.59	1748403600
2025-05-28T03:50:00Z	C	19.089	1748404200
2025-05-28T04:00:00Z	C	19.089	1748404800
2025-05-28T04:10:00Z	C	19.089	1748405400
2025-05-28T04:20:00Z	C	19.59	1748406000
2025-05-28T04:30:00Z	C	19.59	1748406600
2025-05-28T04:40:00Z	C	19.59	1748407200
2025-05-28T04:50:00Z	C	19.59	1748407800
2025-05-28T05:00:00Z	C	19.59	1748408400
2025-05-28T05:10:00Z	C	19.089	1748409000
2025-05-28T05:20:00Z	C	19.089	1748409600
2025-05-28T05:30:00Z	C	19.089	1748410200
2025-05-28T05:40:00Z	C	19.089	1748410800
2025-05-28T05:50:00Z	C	19.089	1748411400
2025-05-28T06:00:00Z	C	19.089	1748412000
2025-05-28T06:10:00Z	C	19.089	1748412600
2025-05-28T06:20:00Z	C	19.089	1748413200
2025-05-28T06:30:00Z	C	18.589	1748413800
2025-05-28T06:40:00Z	C	19.089	1748414400
2025-05-28T06:50:00Z	C	19.089	1748415000
2025-05-28T07:00:00Z	C	18.589	1748415600
2025-05-28T07:10:00Z	C	19.089	1748416200
2025-05-28T07:20:00Z	C	19.59	1748416800
2025-05-28T07:30:00Z	C	20.591	1748417400
2025-05-28T07:40:00Z	C	22.093	1748418000
2025-05-28T07:50:00Z	C	23.093	1748418600
2025-05-28T08:00:00Z	C	24.594	1748419200
2025-05-28T08:10:00Z	C	24.594	1748419800
2025-05-28T08:20:00Z	C	23.594	1748420400
2025-05-28T08:30:00Z	C	25.094	1748421000
2025-05-28T08:40:00Z	C	25.594	1748421600
2025-05-28T08:50:00Z	C	24.594	1748422200
2025-05-28T09:00:00Z	C	24.594	1748422800
2025-05-28T09:10:00Z	C	26.094	1748423400
2025-05-28T09:20:00Z	C	27.093	1748424000
2025-05-28T09:30:00Z	C	26.593	1748424600
2025-05-28T09:40:00Z	C	25.594	1748425200
2025-05-28T09:50:00Z	C	25.094	1748425800
2025-05-28T10:00:00Z	C	25.094	1748426400
2025-05-28T10:10:00Z	C	25.094	1748427000
2025-05-28T10:20:00Z	C	25.094	1748427600
2025-05-28T10:30:00Z	C	25.094	1748428200
2025-05-28T10:40:00Z	C	25.594	1748428800
2025-05-28T10:50:00Z	C	25.594	1748429400
2025-05-28T11:00:00Z	C	25.594	1748430000
2025-05-28T11:10:00Z	C	25.594	1748430600
2025-05-28T11:20:00Z	C	26.094	1748431200
2025-05-28T11:30:00Z	C	25.594	1748431800
2025-05-28T11:40:00Z	C	26.094	1748432400
2025-05-28T11:50:00Z	C	26.094	1748433000
2025-05-28T12:00:00Z	C	26.094	1748433600
2025-05-28T12:10:00Z	C	26.094	1748434200
2025-05-28T12:20:00Z	C	26.094	1748434800
2025-05-28T12:30:00Z	C	26.094	1748435400
2025-05-28T12:40:00Z	C	25.594	1748436000
2025-05-28T12:50:00Z	C	26.593	1748436600
2025-05-28T13:00:00Z	C	26.593	1748437200
2025-05-28T13:10:00Z	C	26.593	1748437800
2025-05-28T13:20:00Z	C	27.093	1748438400
2025-05-28T13:30:00Z	C	27.093	1748439000
2025-05-28T13:40:00Z	C	27.093	1748439600
2025-05-28T13:50:00Z	C	27.093	1748440200
2025-05-28T14:00:00Z	C	27.093	1748440800
2025-05-28T14:10:00Z	C	27.093	1748441400
2025-05-28T14:20:00Z	C	27.093	1748442000
2025-05-28T14:30:00Z	C	27.093	1748442600
2025-05-28T14:40:00Z	C	27.093	1748443200
2025-05-28T14:50:00Z	C	27.593	1748443800
2025-05-28T15:00:00Z	C	27.593	1748444400
2025-05-28T15:10:00Z	C	27.593	1748445000
2025-05-28T15:20:00Z	C	27.093	1748445600
2025-05-28T15:30:00Z	C	27.093	1748446200
2025-05-28T15:40:00Z	C	27.093	1748446800
2025-05-28T15:50:00Z	C	26.593	1748447400
2025-05-28T16:00:00Z	C	26.593	1748448000
2025-05-28T16:10:00Z	C	26.593	1748448600
2025-05-28T16:20:00Z	C	26.593	1748449200
2025-05-28T16:30:00Z	C	26.593	1748449800
2025-05-28T16:40:00Z	C	26.593	1748450400
2025-05-28T16:50:00Z	C	26.593	1748451000
2025-05-28T17:00:00Z	C	26.593	1748451600
2025-05-28T17:10:00Z	C	26.593	1748452200
2025-05-28T17:20:00Z	C	26.593	1748452800
2025-05-28T17:30:00Z	C	26.593	1748453400
2025-05-28T17:40:00Z	C	26.094	1748454000
2025-05-28T17:50:00Z	C	26.094	1748454600
2025-05-28T18:00:00Z	C	26.094	1748455200
2025-05-28T18:10:00Z	C	25.594	1748455800
2025-05-28T18:20:00Z	C	25.594	1748456400
2025-05-28T18:30:00Z	C	25.594	1748457000
2025-05-28T18:40:00Z	C	25.094	1748457600
2025-05-28T18:50:00Z	C	24.594	1748458200
2025-05-28T19:00:00Z	C	24.594	1748458800
2025-05-28T19:10:00Z	C	24.094	1748459400
2025-05-28T19:20:00Z	C	24.094	1748460000
2025-05-28T19:30:00Z	C	23.594	1748460600
2025-05-28T19:40:00Z	C	23.594	1748461200
2025-05-28T19:50:00Z	C	23.594	1748461800
2025-05-28T20:00:00Z	C	23.594	1748462400
2025-05-28T20:10:00Z	C	23.594	1748463000
2025-05-28T20:20:00Z	C	23.093	1748463600
2025-05-28T20:30:00Z	C	23.093	1748464200
2025-05-28T20:40:00Z	C	23.093	1748464800
2025-05-28T20:50:00Z	C	23.093	1748465400
2025-05-28T21:00:00Z	C	23.093	1748466000
2025-05-28T21:10:00Z	C	23.093	1748466600
2025-05-28T21:20:00Z	C	22.593	1748467200
2025-05-28T21:30:00Z	C	22.593	1748467800
2025-05-28T21:40:00Z	C	22.593	1748468400
2025-05-28T21:50:00Z	C	22.593	1748469000
2025-05-28T22:00:00Z	C	22.593	1748469600
2025-05-28T22:10:00Z	C	22.593	1748470200
2025-05-28T22:20:00Z	C	22.593	1748470800
2025-05-28T22:30:00Z	C	22.593	1748471400
2025-05-28T22:40:00Z	C	22.593	1748472000
2025-05-28T22:50:00Z	C	22.093	1748472600
2025-05-28T23:00:00Z	C	22.093	1748473200
2025-05-28T23:10:00Z	C	22.093	1748473800
2025-05-28T23:20:00Z	C	22.093	1748474400
2025-05-28T23:30:00Z	C	22.093	1748475000
2025-05-28T23:40:00Z	C	22.093	1748475600
2025-05-28T23:50:00Z	C	22.093	1748476200
2025-05-29T00:00:00Z	C	22.093	1748476800
2025-05-29T00:10:00Z	C	22.093	1748477400
2025-05-29T00:20:00Z	C	22.093	1748478000
2025-05-29T00:30:00Z	C	22.093	1748478600
2025-05-29T00:40:00Z	C	22.093	1748479200
2025-05-29T00:50:00Z	C	22.093	1748479800
2025-05-29T01:00:00Z	C	21.592	1748480400
2025-05-29T01:10:00Z	C	21.592	1748481000
2025-05-29T01:20:00Z	C	22.093	1748481600
2025-05-29T01:30:00Z	C	21.592	1748482200
2025-05-29T01:40:00Z	C	21.592	1748482800
2025-05-29T01:50:00Z	C	21.592	1748483400
2025-05-29T02:00:00Z	C	21.592	1748484000
2025-05-29T02:10:00Z	C	21.592	1748484600
2025-05-29T02:20:00Z	C	21.092	1748485200
2025-05-29T02:30:00Z	C	21.092	1748485800
2025-05-29T02:40:00Z	C	21.092	1748486400
2025-05-29T02:50:00Z	C	21.092	1748487000
2025-05-29T03:00:00Z	C	20.591	1748487600
2025-05-29T03:10:00Z	C	20.591	1748488200
2025-05-29T03:20:00Z	C	21.092	1748488800
2025-05-29T03:30:00Z	C	21.092	1748489400
2025-05-29T03:40:00Z	C	21.092	1748490000
2025-05-29T03:50:00Z	C	20.591	1748490600
2025-05-29T04:00:00Z	C	20.591	1748491200
2025-05-29T04:10:00Z	C	20.591	1748491800
2025-05-29T04:20:00Z	C	20.091	1748492400
2025-05-29T04:30:00Z	C	20.091	1748493000
2025-05-29T04:40:00Z	C	20.091	1748493600
2025-05-29T04:50:00Z	C	20.091	1748494200
2025-05-29T05:00:00Z	C	20.091	1748494800
2025-05-29T05:10:00Z	C	20.091	1748495400
2025-05-29T05:20:00Z	C	20.091	1748496000
2025-05-29T05:30:00Z	C	20.091	1748496600
2025-05-29T05:40:00Z	C	19.59	1748497200
2025-05-29T05:50:00Z	C	19.59	1748497800
2025-05-29T06:00:00Z	C	19.59	1748498400
2025-05-29T06:10:00Z	C	19.59	1748499000
2025-05-29T06:20:00Z	C	19.59	1748499600
2025-05-29T06:30:00Z	C	19.59	1748500200
2025-05-29T06:40:00Z	C	19.59	1748500800
2025-05-29T06:50:00Z	C	19.59	1748501400
2025-05-29T07:00:00Z	C	19.59	1748502000
2025-05-29T07:10:00Z	C	19.59	1748502600
2025-05-29T07:20:00Z	C	19.59	1748503200
2025-05-29T07:30:00Z	C	20.091	1748503800
2025-05-29T07:40:00Z	C	21.592	1748504400
2025-05-29T07:50:00Z	C	23.093	1748505000
2025-05-29T08:00:00Z	C	25.594	1748505600
2025-05-29T08:10:00Z	C	27.093	1748506200
2025-05-29T08:20:00Z	C	26.094	1748506800
2025-05-29T08:30:00Z	C	28.092	1748507400
2025-05-29T08:40:00Z	C	27.093	1748508000
2025-05-29T08:50:00Z	C	26.593	1748508600
2025-05-29T09:00:00Z	C	26.094	1748509200
2025-05-29T09:10:00Z	C	26.593	1748509800
2025-05-29T09:20:00Z	C	26.094	1748510400
2025-05-29T09:30:00Z	C	27.593	1748511000
2025-05-29T09:40:00Z	C	27.093	1748511600
2025-05-29T09:50:00Z	C	26.094	1748512200
2025-05-29T10:00:00Z	C	26.593	1748512800
2025-05-29T10:10:00Z	C	26.094	1748513400
2025-05-29T10:20:00Z	C	26.593	1748514000
2025-05-29T10:30:00Z	C	26.593	1748514600
2025-05-29T10:40:00Z	C	26.094	1748515200
2025-05-29T10:50:00Z	C	25.594	1748515800
2025-05-29T11:00:00Z	C	26.094	1748516400
2025-05-29T11:10:00Z	C	26.094	1748517000
2025-05-29T11:20:00Z	C	26.094	1748517600
2025-05-29T11:30:00Z	C	26.094	1748518200
2025-05-29T11:40:00Z	C	26.094	1748518800
2025-05-29T11:50:00Z	C	26.593	1748519400
2025-05-29T12:00:00Z	C	26.593	1748520000
2025-05-29T12:10:00Z	C	26.593	1748520600
2025-05-29T12:20:00Z	C	27.093	1748521200
2025-05-29T12:30:00Z	C	27.093	1748521800
2025-05-29T12:40:00Z	C	27.093	1748522400
2025-05-29T12:50:00Z	C	27.093	1748523000
2025-05-29T13:00:00Z	C	27.593	1748523600
2025-05-29T13:10:00Z	C	27.093	1748524200
2025-05-29T13:20:00Z	C	27.593	1748524800
2025-05-29T13:30:00Z	C	27.593	1748525400
2025-05-29T13:40:00Z	C	27.593	1748526000
2025-05-29T13:50:00Z	C	27.593	1748526600
2025-05-29T14:00:00Z	C	27.593	1748527200
2025-05-29T14:10:00Z	C	28.092	1748527800
2025-05-29T14:20:00Z	C	27.593	1748528400
2025-05-29T14:30:00Z	C	28.092	1748529000
2025-05-29T14:40:00Z	C	28.092	1748529600
2025-05-29T14:50:00Z	C	27.593	1748530200
2025-05-29T15:00:00Z	C	27.093	1748530800
2025-05-29T15:10:00Z	C	27.093	1748531400
2025-05-29T15:20:00Z	C	27.093	1748532000
2025-05-29T15:30:00Z	C	27.093	1748532600
2025-05-29T15:40:00Z	C	27.093	1748533200
2025-05-29T15:50:00Z	C	27.093	1748533800
2025-05-29T16:00:00Z	C	27.093	1748534400
2025-05-29T16:10:00Z	C	26.593	1748535000
2025-05-29T16:20:00Z	C	26.593	1748535600
2025-05-29T16:30:00Z	C	27.093	1748536200
2025-05-29T16:40:00Z	C	26.593	1748536800
2025-05-29T16:50:00Z	C	27.093	1748537400
2025-05-29T17:00:00Z	C	27.093	1748538000
2025-05-29T17:10:00Z	C	27.093	1748538600
2025-05-29T17:20:00Z	C	26.593	1748539200
2025-05-29T17:30:00Z	C	26.593	1748539800
2025-05-29T17:40:00Z	C	26.094	1748540400
2025-05-29T17:50:00Z	C	26.094	1748541000
2025-05-29T18:00:00Z	C	26.094	1748541600
2025-05-29T18:10:00Z	C	26.094	1748542200
2025-05-29T18:20:00Z	C	25.594	1748542800
2025-05-29T18:30:00Z	C	25.594	1748543400
2025-05-29T18:40:00Z	C	25.094	1748544000
2025-05-29T18:50:00Z	C	24.594	1748544600
2025-05-29T19:00:00Z	C	24.594	1748545200
2025-05-29T19:10:00Z	C	24.594	1748545800
2025-05-29T19:20:00Z	C	24.594	1748546400
2025-05-29T19:30:00Z	C	24.094	1748547000
2025-05-29T19:40:00Z	C	24.094	1748547600
2025-05-29T19:50:00Z	C	23.594	1748548200
2025-05-29T20:00:00Z	C	23.594	1748548800
2025-05-29T20:10:00Z	C	23.594	1748549400
2025-05-29T20:20:00Z	C	23.594	1748550000
2025-05-29T20:30:00Z	C	23.093	1748550600
2025-05-29T20:40:00Z	C	23.093	1748551200
2025-05-29T20:50:00Z	C	23.093	1748551800
2025-05-29T21:00:00Z	C	23.093	1748552400
2025-05-29T21:10:00Z	C	23.093	1748553000
2025-05-29T21:20:00Z	C	23.093	1748553600
2025-05-29T21:30:00Z	C	22.593	1748554200
2025-05-29T21:40:00Z	C	22.593	1748554800
2025-05-29T21:50:00Z	C	22.593	1748555400
2025-05-29T22:00:00Z	C	22.593	1748556000
2025-05-29T22:10:00Z	C	22.593	1748556600
2025-05-29T22:20:00Z	C	22.593	1748557200
2025-05-29T22:30:00Z	C	22.593	1748557800
2025-05-29T22:40:00Z	C	22.593	1748558400
2025-05-29T22:50:00Z	C	22.093	1748559000
2025-05-29T23:00:00Z	C	22.093	1748559600
2025-05-29T23:10:00Z	C	22.093	1748560200
2025-05-29T23:20:00Z	C	22.093	1748560800
2025-05-29T23:30:00Z	C	21.592	1748561400
2025-05-29T23:40:00Z	C	21.592	1748562000
2025-05-29T23:50:00Z	C	21.592	1748562600
2025-05-30T00:00:00Z	C	21.592	1748563200
2025-05-30T00:10:00Z	C	22.093	1748563800
2025-05-30T00:20:00Z	C	22.093	1748564400
2025-05-30T00:30:00Z	C	21.592	1748565000
2025-05-30T00:40:00Z	C	21.092	1748565600
2025-05-30T00:50:00Z	C	21.592	1748566200
2025-05-30T01:00:00Z	C	21.592	1748566800
2025-05-30T01:10:00Z	C	21.092	1748567400
2025-05-30T01:20:00Z	C	21.092	1748568000
2025-05-30T01:30:00Z	C	21.092	1748568600
2025-05-30T01:40:00Z	C	21.092	1748569200
2025-05-30T01:50:00Z	C	21.092	1748569800
2025-05-30T02:00:00Z	C	21.092	1748570400
2025-05-30T02:10:00Z	C	21.092	1748571000
2025-05-30T02:20:00Z	C	21.092	1748571600
2025-05-30T02:30:00Z	C	21.092	1748572200
2025-05-30T02:40:00Z	C	21.092	1748572800
2025-05-30T02:50:00Z	C	21.092	1748573400
2025-05-30T03:00:00Z	C	21.092	1748574000
2025-05-30T03:10:00Z	C	21.092	1748574600
2025-05-30T03:20:00Z	C	21.092	1748575200
2025-05-30T03:30:00Z	C	21.092	1748575800
2025-05-30T03:40:00Z	C	21.092	1748576400
2025-05-30T03:50:00Z	C	21.092	1748577000
2025-05-30T04:00:00Z	C	20.591	1748577600
2025-05-30T04:10:00Z	C	20.591	1748578200
2025-05-30T04:20:00Z	C	20.591	1748578800
2025-05-30T04:30:00Z	C	20.091	1748579400
2025-05-30T04:40:00Z	C	20.091	1748580000
2025-05-30T04:50:00Z	C	20.091	1748580600
2025-05-30T05:00:00Z	C	20.091	1748581200
2025-05-30T05:10:00Z	C	20.091	1748581800
2025-05-30T05:20:00Z	C	20.091	1748582400
2025-05-30T05:30:00Z	C	20.091	1748583000
2025-05-30T05:40:00Z	C	20.091	1748583600
2025-05-30T05:50:00Z	C	20.091	1748584200
2025-05-30T06:00:00Z	C	20.091	1748584800
2025-05-30T06:10:00Z	C	20.091	1748585400
2025-05-30T06:20:00Z	C	20.091	1748586000
2025-05-30T06:30:00Z	C	20.091	1748586600
2025-05-30T06:40:00Z	C	20.091	1748587200
2025-05-30T06:50:00Z	C	20.091	1748587800
2025-05-30T07:00:00Z	C	20.091	1748588400
2025-05-30T07:10:00Z	C	20.091	1748589000
2025-05-30T07:20:00Z	C	20.591	1748589600
2025-05-30T07:30:00Z	C	21.592	1748590200
2025-05-30T07:40:00Z	C	24.094	1748590800
2025-05-30T07:50:00Z	C	24.594	1748591400
2025-05-30T08:00:00Z	C	25.594	1748592000
2025-05-30T08:10:00Z	C	26.094	1748592600
2025-05-30T08:20:00Z	C	24.094	1748593200
2025-05-30T08:30:00Z	C	24.094	1748593800
2025-05-30T08:40:00Z	C	26.593	1748594400
2025-05-30T08:50:00Z	C	26.593	1748595000
2025-05-30T09:00:00Z	C	26.094	1748595600
2025-05-30T09:10:00Z	C	28.592	1748596200
2025-05-30T09:20:00Z	C	29.091	1748596800
2025-05-30T09:30:00Z	C	28.092	1748597400
2025-05-30T09:40:00Z	C	27.093	1748598000
2025-05-30T09:50:00Z	C	26.593	1748598600
2025-05-30T10:00:00Z	C	26.593	1748599200
2025-05-30T10:10:00Z	C	26.094	1748599800
2025-05-30T10:20:00Z	C	26.593	1748600400
2025-05-30T10:30:00Z	C	26.094	1748601000
2025-05-30T10:40:00Z	C	26.593	1748601600
2025-05-30T10:50:00Z	C	26.593	1748602200
2025-05-30T11:00:00Z	C	26.094	1748602800
2025-05-30T11:10:00Z	C	26.593	1748603400
2025-05-30T11:20:00Z	C	26.593	1748604000
2025-05-30T11:30:00Z	C	27.093	1748604600
2025-05-30T11:40:00Z	C	27.593	1748605200
2025-05-30T11:50:00Z	C	27.093	1748605800
2025-05-30T12:00:00Z	C	27.593	1748606400
2025-05-30T12:10:00Z	C	27.593	1748607000
2025-05-30T12:20:00Z	C	27.093	1748607600
2025-05-30T12:30:00Z	C	27.593	1748608200
2025-05-30T12:40:00Z	C	27.593	1748608800
2025-05-30T12:50:00Z	C	27.593	1748609400
2025-05-30T13:00:00Z	C	27.593	1748610000
2025-05-30T13:10:00Z	C	27.593	1748610600
2025-05-30T13:20:00Z	C	28.092	1748611200
2025-05-30T13:30:00Z	C	27.593	1748611800
2025-05-30T13:40:00Z	C	28.092	1748612400
2025-05-30T13:50:00Z	C	28.092	1748613000
2025-05-30T14:00:00Z	C	28.092	1748613600
2025-05-30T14:10:00Z	C	28.092	1748614200
2025-05-30T14:20:00Z	C	28.092	1748614800
2025-05-30T14:30:00Z	C	28.092	1748615400
2025-05-30T14:40:00Z	C	28.092	1748616000
2025-05-30T14:50:00Z	C	28.092	1748616600
2025-05-30T15:00:00Z	C	28.092	1748617200
2025-05-30T15:10:00Z	C	28.092	1748617800
2025-05-30T15:20:00Z	C	28.092	1748618400
2025-05-30T15:30:00Z	C	28.092	1748619000
2025-05-30T15:40:00Z	C	28.592	1748619600
2025-05-30T15:50:00Z	C	28.092	1748620200
2025-05-30T16:00:00Z	C	27.593	1748620800
2025-05-30T16:10:00Z	C	27.593	1748621400
2025-05-30T16:20:00Z	C	27.593	1748622000
2025-05-30T16:30:00Z	C	27.593	1748622600
2025-05-30T16:40:00Z	C	27.593	1748623200
2025-05-30T16:50:00Z	C	27.593	1748623800
2025-05-30T17:00:00Z	C	27.593	1748624400
2025-05-30T17:10:00Z	C	27.593	1748625000
2025-05-30T17:20:00Z	C	27.093	1748625600
2025-05-30T17:30:00Z	C	27.093	1748626200
2025-05-30T17:40:00Z	C	26.593	1748626800
2025-05-30T17:50:00Z	C	26.593	1748627400
2025-05-30T18:00:00Z	C	26.593	1748628000
2025-05-30T18:10:00Z	C	26.094	1748628600
2025-05-30T18:20:00Z	C	26.094	1748629200
2025-05-30T18:30:00Z	C	25.594	1748629800
2025-05-30T18:40:00Z	C	25.094	1748630400
2025-05-30T18:50:00Z	C	25.094	1748631000
2025-05-30T19:00:00Z	C	24.594	1748631600
2025-05-30T19:10:00Z	C	24.594	1748632200
2025-05-30T19:20:00Z	C	24.094	1748632800
2025-05-30T19:30:00Z	C	24.094	1748633400
2025-05-30T19:40:00Z	C	24.094	1748634000
2025-05-30T19:50:00Z	C	24.094	1748634600
2025-05-30T20:00:00Z	C	23.594	1748635200
2025-05-30T20:10:00Z	C	23.594	1748635800
2025-05-30T20:20:00Z	C	23.594	1748636400
2025-05-30T20:30:00Z	C	23.594	1748637000
2025-05-30T20:40:00Z	C	23.594	1748637600
2025-05-30T20:50:00Z	C	23.093	1748638200
2025-05-30T21:00:00Z	C	23.093	1748638800
2025-05-30T21:10:00Z	C	23.093	1748639400
2025-05-30T21:20:00Z	C	23.093	1748640000
2025-05-30T21:30:00Z	C	23.093	1748640600
2025-05-30T21:40:00Z	C	23.093	1748641200
2025-05-30T21:50:00Z	C	23.093	1748641800
2025-05-30T22:00:00Z	C	23.093	1748642400
2025-05-30T22:10:00Z	C	23.093	1748643000
2025-05-30T22:20:00Z	C	23.093	1748643600
2025-05-30T22:30:00Z	C	23.093	1748644200
2025-05-30T22:40:00Z	C	23.594	1748644800
2025-05-30T22:50:00Z	C	23.594	1748645400
2025-05-30T23:00:00Z	C	23.594	1748646000
2025-05-30T23:10:00Z	C	23.093	1748646600
2025-05-30T23:20:00Z	C	23.093	1748647200
2025-05-30T23:30:00Z	C	23.093	1748647800
2025-05-30T23:40:00Z	C	23.093	1748648400
2025-05-30T23:50:00Z	C	23.093	1748649000
2025-05-31T00:00:00Z	C	23.093	1748649600
2025-05-31T00:10:00Z	C	23.093	1748650200
2025-05-31T00:20:00Z	C	23.093	1748650800
2025-05-31T00:30:00Z	C	23.093	1748651400
2025-05-31T00:40:00Z	C	23.093	1748652000
2025-05-31T00:50:00Z	C	23.093	1748652600
2025-05-31T01:00:00Z	C	22.593	1748653200
2025-05-31T01:10:00Z	C	22.593	1748653800
2025-05-31T01:20:00Z	C	22.593	1748654400
2025-05-31T01:30:00Z	C	22.593	1748655000
2025-05-31T01:40:00Z	C	22.593	1748655600
2025-05-31T01:50:00Z	C	22.593	1748656200
2025-05-31T02:00:00Z	C	22.593	1748656800
2025-05-31T02:10:00Z	C	22.593	1748657400
2025-05-31T02:20:00Z	C	22.093	1748658000
2025-05-31T02:30:00Z	C	22.093	1748658600
2025-05-31T02:40:00Z	C	22.093	1748659200
2025-05-31T02:50:00Z	C	22.093	1748659800
2025-05-31T03:00:00Z	C	22.093	1748660400
2025-05-31T03:10:00Z	C	22.093	1748661000
2025-05-31T03:20:00Z	C	22.093	1748661600
2025-05-31T03:30:00Z	C	22.093	1748662200
2025-05-31T03:40:00Z	C	22.093	1748662800
2025-05-31T03:50:00Z	C	22.093	1748663400
2025-05-31T04:00:00Z	C	21.592	1748664000
2025-05-31T04:10:00Z	C	21.092	1748664600
2025-05-31T04:20:00Z	C	21.592	1748665200
2025-05-31T04:30:00Z	C	21.592	1748665800
2025-05-31T04:40:00Z	C	21.592	1748666400
2025-05-31T04:50:00Z	C	21.592	1748667000
2025-05-31T05:00:00Z	C	21.092	1748667600
2025-05-31T05:10:00Z	C	21.092	1748668200
2025-05-31T05:20:00Z	C	21.092	1748668800
2025-05-31T05:30:00Z	C	21.592	1748669400
2025-05-31T05:40:00Z	C	21.092	1748670000
2025-05-31T05:50:00Z	C	21.592	1748670600
2025-05-31T06:00:00Z	C	21.592	1748671200
2025-05-31T06:10:00Z	C	21.592	1748671800
2025-05-31T06:20:00Z	C	21.592	1748672400
2025-05-31T06:30:00Z	C	21.592	1748673000
2025-05-31T06:40:00Z	C	21.592	1748673600
2025-05-31T06:50:00Z	C	21.592	1748674200
2025-05-31T07:00:00Z	C	21.592	1748674800
2025-05-31T07:10:00Z	C	21.592	1748675400
2025-05-31T07:20:00Z	C	21.592	1748676000
2025-05-31T07:30:00Z	C	21.592	1748676600
2025-05-31T07:40:00Z	C	21.592	1748677200
2025-05-31T07:50:00Z	C	22.093	1748677800
2025-05-31T08:00:00Z	C	22.093	1748678400
2025-05-31T08:10:00Z	C	21.592	1748679000
2025-05-31T08:20:00Z	C	21.592	1748679600
2025-05-31T08:30:00Z	C	22.093	1748680200
2025-05-31T08:40:00Z	C	22.093	1748680800
2025-05-31T08:50:00Z	C	22.093	1748681400
2025-05-31T09:00:00Z	C	22.093	1748682000
2025-05-31T09:10:00Z	C	21.592	1748682600
2025-05-31T09:20:00Z	C	21.592	1748683200
2025-05-31T09:30:00Z	C	22.093	1748683800
2025-05-31T09:40:00Z	C	22.593	1748684400
2025-05-31T09:50:00Z	C	23.093	1748685000
2025-05-31T10:00:00Z	C	23.594	1748685600
2025-05-31T10:10:00Z	C	23.594	1748686200
2025-05-31T10:20:00Z	C	24.094	1748686800
2025-05-31T10:30:00Z	C	25.094	1748687400
2025-05-31T10:40:00Z	C	24.594	1748688000
2025-05-31T10:50:00Z	C	24.594	1748688600
2025-05-31T11:00:00Z	C	25.094	1748689200
2025-05-31T11:10:00Z	C	25.094	1748689800
2025-05-31T11:20:00Z	C	25.594	1748690400
2025-05-31T11:30:00Z	C	26.094	1748691000
2025-05-31T11:40:00Z	C	26.593	1748691600
2025-05-31T11:50:00Z	C	26.593	1748692200
2025-05-31T12:00:00Z	C	26.593	1748692800
2025-05-31T12:10:00Z	C	26.593	1748693400
2025-05-31T12:20:00Z	C	27.093	1748694000
2025-05-31T12:30:00Z	C	27.093	1748694600
2025-05-31T12:40:00Z	C	27.093	1748695200
2025-05-31T12:50:00Z	C	27.093	1748695800
2025-05-31T13:00:00Z	C	27.093	1748696400
2025-05-31T13:10:00Z	C	27.593	1748697000
2025-05-31T13:20:00Z	C	27.593	1748697600
2025-05-31T13:30:00Z	C	27.593	1748698200
2025-05-31T13:40:00Z	C	27.593	1748698800
2025-05-31T13:50:00Z	C	28.092	1748699400
2025-05-31T14:00:00Z	C	27.593	1748700000
2025-05-31T14:10:00Z	C	28.092	1748700600
2025-05-31T14:20:00Z	C	28.092	1748701200
2025-05-31T14:30:00Z	C	28.592	1748701800
2025-05-31T14:40:00Z	C	28.092	1748702400
2025-05-31T14:50:00Z	C	28.092	1748703000
2025-05-31T15:00:00Z	C	28.592	1748703600
2025-05-31T15:10:00Z	C	27.593	1748704200
2025-05-31T15:20:00Z	C	28.592	1748704800
2025-05-31T15:30:00Z	C	28.092	1748705400
2025-05-31T15:40:00Z	C	28.092	1748706000
2025-05-31T15:50:00Z	C	28.592	1748706600
2025-05-31T16:00:00Z	C	28.592	1748707200
2025-05-31T16:10:00Z	C	28.092	1748707800
2025-05-31T16:20:00Z	C	28.092	1748708400
2025-05-31T16:30:00Z	C	28.092	1748709000
2025-05-31T16:40:00Z	C	28.092	1748709600
2025-05-31T16:50:00Z	C	28.092	1748710200
2025-05-31T17:00:00Z	C	28.092	1748710800
2025-05-31T17:10:00Z	C	28.092	1748711400
2025-05-31T17:20:00Z	C	28.092	1748712000
2025-05-31T17:30:00Z	C	28.092	1748712600
2025-05-31T17:40:00Z	C	27.593	1748713200
2025-05-31T17:50:00Z	C	27.593	1748713800
2025-05-31T18:00:00Z	C	27.093	1748714400
2025-05-31T18:10:00Z	C	26.593	1748715000
2025-05-31T18:20:00Z	C	26.094	1748715600
2025-05-31T18:30:00Z	C	26.094	1748716200
2025-05-31T18:40:00Z	C	25.594	1748716800
2025-05-31T18:50:00Z	C	25.094	1748717400
2025-05-31T19:00:00Z	C	25.094	1748718000
2025-05-31T19:10:00Z	C	24.594	1748718600
2025-05-31T19:20:00Z	C	24.594	1748719200
2025-05-31T19:30:00Z	C	24.594	1748719800
2025-05-31T19:40:00Z	C	24.594	1748720400
2025-05-31T19:50:00Z	C	24.094	1748721000
2025-05-31T20:00:00Z	C	24.094	1748721600
2025-05-31T20:10:00Z	C	23.594	1748722200
2025-05-31T20:20:00Z	C	23.594	1748722800
2025-05-31T20:30:00Z	C	23.594	1748723400
2025-05-31T20:40:00Z	C	23.594	1748724000
2025-05-31T20:50:00Z	C	23.594	1748724600
2025-05-31T21:00:00Z	C	23.594	1748725200
2025-05-31T21:10:00Z	C	23.594	1748725800
2025-05-31T21:20:00Z	C	23.093	1748726400
2025-05-31T21:30:00Z	C	23.093	1748727000
2025-05-31T21:40:00Z	C	23.093	1748727600
2025-05-31T21:50:00Z	C	23.093	1748728200
2025-05-31T22:00:00Z	C	23.093	1748728800
2025-05-31T22:10:00Z	C	23.093	1748729400
2025-05-31T22:20:00Z	C	22.593	1748730000
2025-05-31T22:30:00Z	C	22.593	1748730600
2025-05-31T22:40:00Z	C	22.593	1748731200
2025-05-31T22:50:00Z	C	22.593	1748731800
2025-05-31T23:00:00Z	C	22.593	1748732400
2025-05-31T23:10:00Z	C	22.593	1748733000
2025-05-31T23:20:00Z	C	22.593	1748733600
2025-05-31T23:30:00Z	C	22.593	1748734200
2025-05-31T23:40:00Z	C	22.593	1748734800
2025-05-31T23:50:00Z	C	22.093	1748735400
2025-06-01T00:00:00Z	C	22.093	1748736000
